Source_File,Year,1,2,3,4,5,6,7,8,9,10,11,12,Average,Sum
三義1-2020-AirTemperature-month.csv,1990,--,--,--,--,--,--,26.0,25.7,24.6,21.3,19.2,15.6,22.1,
三義1-2020-AirTemperature-month.csv,1991,13.7,13.7,17.7,20.0,23.3,25.4,26.2,26.1,24.5,20.5,17.8,15.3,20.3,
三義1-2020-AirTemperature-month.csv,1992,12.6,12.8,16.6,20.0,21.4,24.4,25.8,26.1,24.4,19.9,17.1,16.0,19.8,
三義1-2020-AirTemperature-month.csv,1993,11.9,15.1,16.0,19.4,23.0,25.7,26.6,26.0,24.3,21.2,19.7,14.9,20.3,
三義1-2020-AirTemperature-month.csv,1994,13.8,14.4,14.3,21.9,23.6,25.6,25.9,25.4,23.2,20.8,19.2,17.7,20.5,
三義1-2020-AirTemperature-month.csv,1995,12.9,12.0,15.3,20.5,22.4,25.7,25.9,25.4,24.6,22.3,17.4,13.8,19.9,
三義1-2020-AirTemperature-month.csv,1996,13.6,12.5,16.6,16.7,21.7,26.0,26.6,25.9,25.1,22.0,19.6,14.5,20.1,
三義1-2020-AirTemperature-month.csv,1997,13.0,13.4,17.0,20.3,23.4,24.2,25.6,25.6,23.4,21.8,19.2,15.9,20.2,
三義1-2020-AirTemperature-month.csv,1998,14.0,14.6,17.1,22.2,24.1,25.5,27.2,26.9,24.4,22.5,20.1,16.7,21.3,
三義1-2020-AirTemperature-month.csv,1999,14.3,14.3,17.5,20.7,21.8,25.7,25.9,25.6,25.1,22.8,19.1,14.2,20.6,
三義1-2020-AirTemperature-month.csv,2000,14.1,13.5,16.1,19.8,23.1,25.4,26.2,25.4,24.1,23.1,19.6,16.7,20.6,
三義1-2020-AirTemperature-month.csv,2001,14.5,15.1,17.1,19.5,23.5,25.6,25.9,26.6,24.0,21.5,17.3,15.3,20.5,
三義1-2020-AirTemperature-month.csv,2002,13.6,14.9,18.7,21.8,24.0,26.2,26.2,26.3,24.3,22.2,18.1,15.9,21.0,
三義1-2020-AirTemperature-month.csv,2003,12.9,15.3,16.1,21.3,23.2,24.8,27.3,26.4,25.3,21.8,19.9,14.4,20.7,
三義1-2020-AirTemperature-month.csv,2004,12.7,14.7,15.4,19.9,24.2,25.1,25.7,25.8,24.1,19.9,19.0,15.9,20.2,
三義1-2020-AirTemperature-month.csv,2005,12.6,13.6,14.5,20.7,24.3,25.3,26.2,25.6,25.1,21.9,19.7,13.2,20.2,
三義1-2020-AirTemperature-month.csv,2006,14.3,14.4,15.9,21.0,22.9,24.9,26.5,26.0,24.0,22.2,19.7,15.5,20.6,
三義1-2020-AirTemperature-month.csv,2007,13.6,15.9,17.4,18.8,23.6,25.2,27.1,25.5,24.9,21.5,17.7,15.7,20.6,
三義1-2020-AirTemperature-month.csv,2008,13.9,10.7,16.2,20.4,22.4,25.1,25.6,26.0,24.8,23.1,18.4,14.6,20.1,
三義1-2020-AirTemperature-month.csv,2009,12.0,17.5,16.0,18.5,22.0,24.7,26.1,25.6,25.9,21.8,18.3,14.0,20.2,
三義1-2020-AirTemperature-month.csv,2010,13.7,15.3,17.3,18.3,22.8,24.0,26.4,26.0,24.9,21.7,17.8,14.2,20.2,
三義1-2020-AirTemperature-month.csv,2011,10.7,12.6,--,--,--,--,--,--,--,--,21.3,15.0,14.9,
三義1-2020-AirTemperature-month.csv,2012,13.8,14.0,17.0,22.4,24.6,26.0,27.6,26.6,25.0,22.0,19.8,15.6,21.2,
三義1-2020-AirTemperature-month.csv,2013,13.4,15.7,17.6,19.4,24.0,26.4,26.1,26.0,24.7,21.5,18.6,13.5,20.6,
三義1-2020-AirTemperature-month.csv,2014,13.4,13.5,16.3,20.3,23.6,26.0,27.5,26.9,26.7,22.2,20.1,13.8,20.9,
三義1-2020-AirTemperature-month.csv,2015,14.1,15.1,17.4,21.2,24.9,28.0,27.1,25.9,24.9,22.8,21.2,16.3,21.6,
三義1-2020-AirTemperature-month.csv,2016,13.7,12.9,15.3,22.5,25.0,27.0,28.0,26.9,25.6,24.9,20.7,17.9,21.7,
三義1-2020-AirTemperature-month.csv,2017,16.3,15.0,16.8,20.6,23.9,26.3,27.1,27.7,27.0,23.4,20.0,15.2,21.6,
三義1-2020-AirTemperature-month.csv,2018,14.2,13.0,17.8,21.0,25.5,25.9,26.8,26.2,25.3,21.2,20.2,17.4,21.2,
三義1-2020-AirTemperature-month.csv,2019,15.8,16.9,17.9,21.9,22.5,26.2,27.3,26.3,24.7,22.6,19.4,16.2,21.5,
三義1-2020-AirTemperature-month.csv,2020,--,--,--,--,--,--,--,--,--,--,--,--,--,
三義1-2020-AirTemperature-month.csv,平均,13.6,14.2,16.6,20.4,23.4,25.6,26.5,26.1,24.8,21.9,19.2,15.4,平均,
三義1-2020-Precipitation-month.csv,1990,--,--,--,--,--,--,23.5,774.5,54.5,10.5,1.0,16.5,,880.5
三義1-2020-Precipitation-month.csv,1991,40.0,48.5,78.5,131.0,126.5,422.5,39.5,63.5,41.0,17.0,2.0,23.0,,1033.0
三義1-2020-Precipitation-month.csv,1992,39.0,110.0,190.0,291.5,193.5,166.0,175.5,208.5,142.0,2.5,1.5,30.0,,1550.0
三義1-2020-Precipitation-month.csv,1993,48.5,8.0,184.0,125.0,188.0,656.5,80.5,96.0,8.5,0.5,39.0,4.5,,1439.0
三義1-2020-Precipitation-month.csv,1994,158.0,176.5,102.5,64.0,483.5,177.0,253.5,467.0,152.5,83.0,2.5,16.0,,2136.0
三義1-2020-Precipitation-month.csv,1995,25.0,97.0,140.5,134.5,211.0,289.0,184.0,59.5,57.0,1.0,1.5,12.5,,1212.5
三義1-2020-Precipitation-month.csv,1996,3.0,94.5,75.0,250.5,412.5,78.0,369.5,659.5,239.5,9.5,2.0,1.5,,2195.0
三義1-2020-Precipitation-month.csv,1997,43.5,126.5,199.5,65.0,192.0,570.5,155.5,558.5,51.5,16.5,10.0,24.0,,2013.0
三義1-2020-Precipitation-month.csv,1998,121.5,381.5,170.0,200.0,190.5,590.5,47.5,113.5,253.0,247.5,3.5,74.5,,2393.5
三義1-2020-Precipitation-month.csv,1999,56.5,1.5,104.5,81.5,315.5,133.0,427.5,219.0,8.5,7.0,3.0,46.5,,1404.0
三義1-2020-Precipitation-month.csv,2000,31.5,249.0,116.0,412.0,42.5,276.0,234.5,361.5,41.0,75.5,68.5,106.0,,2014.0
三義1-2020-Precipitation-month.csv,2001,113.0,16.5,69.0,253.5,221.0,249.0,540.0,91.0,1053.0,39.5,5.5,20.5,,2671.5
三義1-2020-Precipitation-month.csv,2002,13.0,10.5,26.5,17.5,161.0,79.0,320.0,103.0,194.5,28.0,13.5,66.0,,1032.5
三義1-2020-Precipitation-month.csv,2003,31.0,29.5,69.5,152.0,172.0,272.5,25.5,177.0,27.5,1.0,0.5,0.0,,958.0
三義1-2020-Precipitation-month.csv,2004,30.5,114.5,121.5,184.0,176.0,56.0,845.0,718.0,230.0,68.0,0.5,53.5,,2597.5
三義1-2020-Precipitation-month.csv,2005,24.5,271.0,225.5,29.5,327.0,473.0,450.5,567.5,109.5,27.0,19.0,31.0,,2555.0
三義1-2020-Precipitation-month.csv,2006,35.5,62.0,121.0,460.5,368.0,553.0,407.0,42.5,133.0,2.0,140.5,84.5,,2409.5
三義1-2020-Precipitation-month.csv,2007,62.5,35.5,210.5,169.0,240.5,816.0,35.5,456.0,343.5,409.5,30.0,29.5,,2838.0
三義1-2020-Precipitation-month.csv,2008,18.5,49.0,71.5,70.5,255.0,187.0,584.0,34.5,1314.0,35.5,36.0,24.5,,2680.0
三義1-2020-Precipitation-month.csv,2009,1.0,21.0,180.5,212.5,13.5,231.5,20.5,812.5,52.5,7.0,34.0,23.5,,1610.0
三義1-2020-Precipitation-month.csv,2010,43.5,184.5,50.5,143.5,233.5,534.0,213.0,104.0,236.0,3.5,20.5,43.0,,1809.5
三義1-2020-Precipitation-month.csv,2011,40.5,27.5,--,--,--,--,--,--,--,--,214.0,45.0,,327.0
三義1-2020-Precipitation-month.csv,2012,123.5,161.0,51.5,236.5,191.0,398.0,77.0,984.0,61.5,7.0,238.0,92.5,,2621.5
三義1-2020-Precipitation-month.csv,2013,30.5,4.5,78.5,235.0,360.5,107.5,704.5,927.0,78.5,50.5,22.5,144.0,,2743.5
三義1-2020-Precipitation-month.csv,2014,0.5,93.0,85.0,39.0,584.0,201.5,72.0,206.0,46.5,6.5,5.0,52.0,,1391.0
三義1-2020-Precipitation-month.csv,2015,23.5,49.5,65.0,57.5,470.0,63.0,168.5,368.0,276.5,33.0,1.0,73.0,,1648.5
三義1-2020-Precipitation-month.csv,2016,268.0,43.5,316.5,236.0,161.5,250.5,68.0,121.0,330.0,14.0,93.5,7.5,,1910.0
三義1-2020-Precipitation-month.csv,2017,13.5,58.5,93.5,165.0,122.0,894.5,311.5,52.5,30.5,39.5,9.5,16.0,,1806.5
三義1-2020-Precipitation-month.csv,2018,165.0,41.0,66.5,53.0,77.5,213.5,166.0,431.5,29.5,13.0,20.5,19.0,,1296.0
三義1-2020-Precipitation-month.csv,2019,30.0,30.5,296.5,176.0,369.0,436.0,137.0,765.0,81.0,24.5,1.0,134.0,,2480.5
三義1-2020-Precipitation-month.csv,2020,&,--,--,--,--,--,--,--,--,--,--,--,,--
三義1-2020-Precipitation-month.csv,總和,1634.5,2596.0,3559.5,4645.5,6858.5,9374.5,7136.5,10542.0,5676.5,1279.5,1039.5,1314.0,,總和
三義1-2020-PrecipitationDays-month.csv,1990,--,--,--,--,--,--,4,14,10,2,2,2,,34
三義1-2020-PrecipitationDays-month.csv,1991,13,6,11,10,4,12,6,7,9,5,3,3,,89
三義1-2020-PrecipitationDays-month.csv,1992,11,16,15,14,9,9,7,14,8,2,2,7,,114
三義1-2020-PrecipitationDays-month.csv,1993,9,2,16,15,12,13,7,10,2,1,5,5,,97
三義1-2020-PrecipitationDays-month.csv,1994,9,15,14,8,12,12,16,17,5,4,2,7,,121
三義1-2020-PrecipitationDays-month.csv,1995,9,18,16,8,11,8,11,12,5,1,1,3,,103
三義1-2020-PrecipitationDays-month.csv,1996,4,10,13,14,17,7,10,15,6,4,2,3,,105
三義1-2020-PrecipitationDays-month.csv,1997,8,14,9,5,10,19,13,20,8,6,2,4,,118
三義1-2020-PrecipitationDays-month.csv,1998,6,19,10,16,13,18,6,8,10,9,2,8,,125
三義1-2020-PrecipitationDays-month.csv,1999,9,2,12,5,16,10,17,15,6,5,3,4,,104
三義1-2020-PrecipitationDays-month.csv,2000,5,13,8,17,9,12,13,20,5,1,3,11,,117
三義1-2020-PrecipitationDays-month.csv,2001,8,4,7,17,16,14,15,6,16,4,2,8,,117
三義1-2020-PrecipitationDays-month.csv,2002,3,4,8,5,8,8,20,10,13,7,5,7,,98
三義1-2020-PrecipitationDays-month.csv,2003,4,3,9,12,7,14,4,14,6,2,1,0,,76
三義1-2020-PrecipitationDays-month.csv,2004,7,8,12,8,9,3,14,15,11,4,1,4,,96
三義1-2020-PrecipitationDays-month.csv,2005,4,15,17,7,11,15,8,16,8,2,4,6,,113
三義1-2020-PrecipitationDays-month.csv,2006,8,5,11,14,15,17,11,6,11,1,11,3,,113
三義1-2020-PrecipitationDays-month.csv,2007,6,5,13,14,11,18,9,19,8,4,7,2,,116
三義1-2020-PrecipitationDays-month.csv,2008,10,12,7,12,12,14,14,4,13,2,2,3,,105
三義1-2020-PrecipitationDays-month.csv,2009,2,1,14,13,3,12,7,14,4,2,8,7,,87
三義1-2020-PrecipitationDays-month.csv,2010,8,14,3,16,10,17,8,13,10,1,7,4,,111
三義1-2020-PrecipitationDays-month.csv,2011,9,5,--,--,--,--,--,--,--,--,9,10,,33
三義1-2020-PrecipitationDays-month.csv,2012,11,12,11,17,16,16,11,21,5,2,10,13,,145
三義1-2020-PrecipitationDays-month.csv,2013,8,6,11,20,16,13,14,14,7,2,5,13,,129
三義1-2020-PrecipitationDays-month.csv,2014,1,11,15,7,20,16,9,12,4,1,5,12,,113
三義1-2020-PrecipitationDays-month.csv,2015,4,7,9,7,15,7,7,16,7,5,1,7,,92
三義1-2020-PrecipitationDays-month.csv,2016,18,10,17,12,7,13,8,11,14,8,7,2,,127
三義1-2020-PrecipitationDays-month.csv,2017,5,7,13,11,9,15,13,10,5,4,14,7,,113
三義1-2020-PrecipitationDays-month.csv,2018,13,11,4,6,2,15,13,23,5,4,5,6,,107
三義1-2020-PrecipitationDays-month.csv,2019,8,2,15,10,18,15,13,20,7,1,1,5,,115
三義1-2020-PrecipitationDays-month.csv,2020,/,--,--,--,--,--,--,--,--,--,--,--,,--
三義1-2020-PrecipitationDays-month.csv,總和,220,257,320,320,318,362,308,396,228,96,132,176,,總和
三義1-2020-RelativeHumidity-month.csv,1990,--,--,--,--,--,--,--,--,--,--,--,--,--,
三義1-2020-RelativeHumidity-month.csv,1991,--,--,--,--,--,--,--,--,--,--,--,--,--,
三義1-2020-RelativeHumidity-month.csv,1992,--,--,--,--,--,--,--,--,--,--,--,--,--,
三義1-2020-RelativeHumidity-month.csv,1993,--,--,--,--,--,--,--,--,--,--,--,--,--,
三義1-2020-RelativeHumidity-month.csv,1994,--,--,--,--,--,--,--,--,--,--,--,--,--,
三義1-2020-RelativeHumidity-month.csv,1995,--,--,--,--,--,--,--,--,--,--,--,--,--,
三義1-2020-RelativeHumidity-month.csv,1996,--,--,--,--,--,--,--,--,--,--,--,--,--,
三義1-2020-RelativeHumidity-month.csv,1997,--,--,--,--,--,--,--,--,--,--,--,--,--,
三義1-2020-RelativeHumidity-month.csv,1998,/,/,/,/,/,/,/,/,/,/,/,/,--,
三義1-2020-RelativeHumidity-month.csv,1999,/,/,/,/,/,/,/,/,/,/,/,/,--,
三義1-2020-RelativeHumidity-month.csv,2000,/,/,/,/,/,/,/,/,/,/,/,/,--,
三義1-2020-RelativeHumidity-month.csv,2001,/,/,/,/,/,/,/,/,/,/,/,/,--,
三義1-2020-RelativeHumidity-month.csv,2002,/,/,/,/,/,/,/,/,/,/,/,/,--,
三義1-2020-RelativeHumidity-month.csv,2003,/,/,/,/,/,/,/,/,/,/,/,/,--,
三義1-2020-RelativeHumidity-month.csv,2004,/,/,/,/,--,--,--,/,/,/,/,/,--,
三義1-2020-RelativeHumidity-month.csv,2005,/,/,/,/,/,/,/,/,/,/,/,/,--,
三義1-2020-RelativeHumidity-month.csv,2006,/,/,/,/,/,/,/,/,/,/,/,/,--,
三義1-2020-RelativeHumidity-month.csv,2007,/,/,/,/,/,/,/,/,/,/,/,/,--,
三義1-2020-RelativeHumidity-month.csv,2008,/,/,/,/,/,/,/,/,/,/,/,/,--,
三義1-2020-RelativeHumidity-month.csv,2009,/,/,/,/,/,/,/,/,/,/,/,/,--,
三義1-2020-RelativeHumidity-month.csv,2010,/,/,/,/,/,/,/,/,/,/,/,/,--,
三義1-2020-RelativeHumidity-month.csv,2011,/,/,--,--,--,--,--,--,--,--,87,90,89,
三義1-2020-RelativeHumidity-month.csv,2012,93,94,88,87,85,88,82,87,82,78,87,90,87,
三義1-2020-RelativeHumidity-month.csv,2013,98,93,87,94,94,92,88,87,85,80,83,86,89,
三義1-2020-RelativeHumidity-month.csv,2014,78,89,88,87,89,88,84,84,85,78,85,85,85,
三義1-2020-RelativeHumidity-month.csv,2015,82,86,92,89,97,94,85,83,83,85,84,88,87,
三義1-2020-RelativeHumidity-month.csv,2016,92,86,87,87,86,83,79,86,87,89,88,86,86,
三義1-2020-RelativeHumidity-month.csv,2017,89,85,87,81,85,84,83,83,83,81,89,84,85,
三義1-2020-RelativeHumidity-month.csv,2018,87,88,80,81,80,82,83,85,83,80,87,84,83,
三義1-2020-RelativeHumidity-month.csv,2019,87,89,87,86,89,81,79,88,83,80,80,84,84,
三義1-2020-RelativeHumidity-month.csv,2020,--,--,--,--,--,--,--,--,--,--,--,--,--,
三義1-2020-RelativeHumidity-month.csv,平均,88,89,87,87,88,87,83,85,84,81,86,86,平均,
三義2-2025-AirTemperature-month.csv,2020,--,16.4,18.2,17.9,24.1,26.0,26.7,25.9,24.6,21.8,20.2,15.1,21.5,
三義2-2025-AirTemperature-month.csv,2021,13.4,15.9,17.6,19.5,23.9,23.8,24.5,24.0,24.6,21.4,17.2,13.6,20.0,
三義2-2025-AirTemperature-month.csv,2022,12.5,11.5,16.9,18.1,19.6,24.1,26.0,26.7,24.7,21.7,22.1,14.2,19.8,
三義2-2025-AirTemperature-month.csv,2023,14.4,16.9,18.6,20.9,22.9,--,--,--,--,--,--,--,18.7,
三義2-2025-AirTemperature-month.csv,2024,--,--,--,--,--,--,--,--,--,--,--,--,--,
三義2-2025-AirTemperature-month.csv,2025,--,--,--,--,--,--,--,--,--,--,--,--,--,
三義2-2025-AirTemperature-month.csv,平均,13.4,15.2,17.8,19.1,22.6,24.6,25.7,25.5,24.6,21.6,19.8,14.3,平均,
三義2-2025-Precipitation-month.csv,2020,--,12.5,108.5,62.0,336.0,73.5,54.5,108.0,16.0,16.5,9.0,61.5,,858.0
三義2-2025-Precipitation-month.csv,2021,12.5,42.5,40.0,38.5,306.5,557.0,299.5,642.5,82.0,12.5,5.5,56.0,,2095.0
三義2-2025-Precipitation-month.csv,2022,67.5,190.5,294.5,76.0,670.5,475.0,169.0,238.5,237.5,22.0,27.5,23.5,,2492.0
三義2-2025-Precipitation-month.csv,2023,15.5,18.5,30.0,429.0,306.0,163.0,140.5,461.5,157.5,52.0,0.0,16.5,,1790.0
三義2-2025-Precipitation-month.csv,2024,--,--,--,--,--,--,--,--,--,--,--,--,,--
三義2-2025-Precipitation-month.csv,2025,--,--,--,--,--,--,--,--,--,--,--,--,,--
三義2-2025-Precipitation-month.csv,總和,95.5,264.0,473.0,605.5,1619.0,1268.5,663.5,1450.5,493.0,103.0,42.0,157.5,,總和
三義2-2025-PrecipitationDays-month.csv,2020,--,6,10,12,11,5,10,11,6,2,5,8,,86
三義2-2025-PrecipitationDays-month.csv,2021,6,5,8,4,5,16,15,15,8,5,6,5,,98
三義2-2025-PrecipitationDays-month.csv,2022,13,17,12,8,20,14,7,13,8,5,6,8,,131
三義2-2025-PrecipitationDays-month.csv,2023,11,7,7,8,10,13,14,16,6,8,0,3,,103
三義2-2025-PrecipitationDays-month.csv,2024,--,--,--,--,--,--,--,--,--,--,--,--,,--
三義2-2025-PrecipitationDays-month.csv,2025,--,--,--,--,--,--,--,--,--,--,--,--,,--
三義2-2025-PrecipitationDays-month.csv,總和,30,35,37,32,46,48,46,55,28,20,17,24,,總和
三義2-2025-RelativeHumidity-month.csv,2020,--,86,93,90,94,93,92,95,91,89,90,95,92,
三義2-2025-RelativeHumidity-month.csv,2021,84,80,89,89,88,97,97,96,97,95,93,91,91,
三義2-2025-RelativeHumidity-month.csv,2022,98,98,90,94,99,97,85,87,86,89,89,89,92,
三義2-2025-RelativeHumidity-month.csv,2023,92,90,90,89,90,--,--,--,--,--,--,--,90,
三義2-2025-RelativeHumidity-month.csv,2024,--,--,--,--,--,--,--,--,--,--,--,--,--,
三義2-2025-RelativeHumidity-month.csv,2025,--,--,--,--,--,--,--,--,--,--,--,--,--,
三義2-2025-RelativeHumidity-month.csv,平均,91,89,91,91,93,96,91,93,91,91,91,92,平均,
員林-2025-AirTemperature-month.csv,1992,--,--,--,--,--,--,--,28.6,27.0,23.1,20.1,19.1,23.6,
員林-2025-AirTemperature-month.csv,1993,15.1,18.3,19.4,22.3,25.8,27.8,29.1,28.6,27.2,24.4,22.4,18.0,23.2,
員林-2025-AirTemperature-month.csv,1994,17.0,17.7,18.0,25.1,26.4,27.8,28.7,27.8,26.3,23.8,21.9,20.9,23.5,
員林-2025-AirTemperature-month.csv,1995,16.3,15.5,18.5,23.4,25.4,28.1,28.3,28.0,27.5,25.4,20.5,16.8,22.8,
員林-2025-AirTemperature-month.csv,1996,16.6,16.0,20.3,19.8,24.6,28.2,29.4,28.3,27.9,25.3,22.7,17.7,23.1,
員林-2025-AirTemperature-month.csv,1997,16.1,16.5,20.5,23.7,25.9,26.6,28.1,27.9,26.1,25.0,21.9,19.1,23.1,
員林-2025-AirTemperature-month.csv,1998,17.5,17.7,20.7,25.1,27.0,27.6,29.6,29.4,27.3,25.6,23.2,19.8,24.2,
員林-2025-AirTemperature-month.csv,1999,17.6,18.0,21.5,24.1,24.6,28.0,28.1,27.9,27.6,25.6,22.2,17.4,23.5,
員林-2025-AirTemperature-month.csv,2000,17.0,16.5,19.1,23.1,25.8,27.7,28.5,27.6,27.1,26.0,22.5,19.8,23.4,
員林-2025-AirTemperature-month.csv,2001,17.5,18.7,20.7,23.0,26.5,28.0,28.6,29.2,26.5,24.8,20.4,18.6,23.5,
員林-2025-AirTemperature-month.csv,2002,16.9,19.5,21.9,24.7,26.4,28.6,28.6,28.7,27.2,25.4,21.6,19.1,24.1,
員林-2025-AirTemperature-month.csv,2003,16.1,18.7,19.8,24.1,26.3,27.4,29.7,28.7,28.1,24.8,23.2,17.4,23.7,
員林-2025-AirTemperature-month.csv,2004,16.3,17.4,19.6,23.1,27.0,28.3,28.2,28.3,27.0,23.4,22.2,19.1,23.3,
員林-2025-AirTemperature-month.csv,2005,16.3,17.1,17.7,23.8,26.9,27.4,29.1,28.2,28.3,25.7,23.2,16.8,23.4,
員林-2025-AirTemperature-month.csv,2006,17.6,18.3,19.8,24.2,26.2,27.4,29.4,28.9,27.0,25.7,23.1,18.7,23.9,
員林-2025-AirTemperature-month.csv,2007,17.0,19.2,20.8,22.3,26.5,27.8,29.9,27.8,27.5,25.3,21.5,19.5,23.8,
員林-2025-AirTemperature-month.csv,2008,17.9,15.3,20.4,24.3,25.9,27.6,28.4,28.8,27.9,26.7,22.0,18.2,23.6,
員林-2025-AirTemperature-month.csv,2009,15.4,21.3,20.2,22.6,25.8,28.0,29.4,29.1,29.3,25.6,22.0,17.7,23.9,
員林-2025-AirTemperature-month.csv,2010,17.1,19.0,21.5,22.4,26.6,27.3,29.4,29.0,28.0,25.7,21.4,17.7,23.8,
員林-2025-AirTemperature-month.csv,2011,14.9,16.9,17.3,--,--,--,--,--,--,--,23.6,17.9,18.1,
員林-2025-AirTemperature-month.csv,2012,16.7,16.7,20.0,24.8,27.0,28.0,29.4,28.3,27.8,24.9,22.4,18.7,23.7,
員林-2025-AirTemperature-month.csv,2013,17.2,20.0,21.7,22.8,27.1,29.4,29.1,29.0,28.4,25.4,22.3,17.4,24.2,
員林-2025-AirTemperature-month.csv,2014,16.6,17.5,20.5,24.5,26.5,29.4,30.8,29.2,29.2,25.4,23.2,17.2,24.2,
員林-2025-AirTemperature-month.csv,2015,17.2,18.4,21.4,24.8,27.2,30.2,29.7,28.4,28.2,26.5,24.5,19.8,24.7,
員林-2025-AirTemperature-month.csv,2016,17.1,16.7,18.7,25.2,27.9,29.1,30.2,29.5,28.0,27.5,24.2,20.5,24.5,
員林-2025-AirTemperature-month.csv,2017,18.9,17.9,20.5,23.7,27.1,28.5,29.3,29.7,29.3,26.4,23.2,18.4,24.4,
員林-2025-AirTemperature-month.csv,2018,17.2,16.5,20.9,24.3,28.3,28.6,29.1,28.3,28.1,24.6,23.1,20.5,24.1,
員林-2025-AirTemperature-month.csv,2019,18.9,20.6,21.2,24.8,25.5,28.3,29.3,28.6,27.7,26.1,23.1,19.5,24.5,
員林-2025-AirTemperature-month.csv,2020,18.3,19.4,22.5,22.6,28.0,29.7,30.4,29.0,28.7,26.3,23.9,19.9,24.9,
員林-2025-AirTemperature-month.csv,2021,16.0,18.9,21.6,24.1,28.7,28.2,29.8,28.7,29.8,27.1,22.9,19.2,24.6,
員林-2025-AirTemperature-month.csv,2022,18.3,17.3,22.1,24.1,25.3,28.7,29.9,29.0,27.7,25.4,24.1,17.5,24.1,
員林-2025-AirTemperature-month.csv,2023,17.1,17.9,20.3,23.6,26.5,28.9,29.8,29.2,28.6,26.6,23.0,20.0,24.3,
員林-2025-AirTemperature-month.csv,2024,17.5,19.5,21.4,26.2,26.6,30.3,30.3,29.8,29.2,27.7,24.8,19.7,25.3,
員林-2025-AirTemperature-month.csv,2025,17.8,18.8,21.6,25.6,28.8,30.6,28.9,29.6,29.6,30.0,--,--,26.1,
員林-2025-AirTemperature-month.csv,平均,17.0,18.0,20.4,23.8,26.6,28.4,29.3,28.7,27.9,25.7,22.6,18.7,平均,
員林-2025-Precipitation-month.csv,1992,--,--,--,--,--,X,214.0,376.0,112.0,0.0,0.0,8.0,,710.0
員林-2025-Precipitation-month.csv,1993,11.0,1.5,110.5,169.5,260.0,277.0,151.5,174.0,27.5,1.0,165.5,4.5,,1353.5
員林-2025-Precipitation-month.csv,1994,79.5,180.0,41.5,11.5,949.5,233.0,186.5,341.5,102.0,8.0,0.0,12.5,,2145.5
員林-2025-Precipitation-month.csv,1995,8.0,72.0,68.5,56.0,109.0,424.0,249.0,74.0,51.0,2.0,0.0,2.0,,1115.5
員林-2025-Precipitation-month.csv,1996,13.0,28.0,33.5,147.0,401.0,78.5,151.5,425.0,7.0,7.5,4.0,5.0,,1301.0
員林-2025-Precipitation-month.csv,1997,21.5,67.5,171.0,17.5,194.5,424.5,241.0,116.0,79.5,4.5,0.0,6.0,,1343.5
員林-2025-Precipitation-month.csv,1998,121.0,335.0,136.5,166.0,160.5,440.0,86.0,204.5,38.5,119.5,1.0,42.0,,1850.5
員林-2025-Precipitation-month.csv,1999,11.5,1.5,51.5,41.5,259.5,108.0,431.0,375.5,29.5,8.0,2.0,24.0,,1343.5
員林-2025-Precipitation-month.csv,2000,17.0,147.0,28.0,220.0,11.5,242.5,221.0,354.0,39.5,51.5,14.0,59.5,,1405.5
員林-2025-Precipitation-month.csv,2001,58.5,2.5,46.5,134.0,222.5,205.5,365.0,45.5,564.5,1.0,2.5,5.5,,1653.5
員林-2025-Precipitation-month.csv,2002,27.0,0.5,12.5,1.0,192.5,94.0,362.0,138.0,86.5,0.0,11.0,51.0,,976.0
員林-2025-Precipitation-month.csv,2003,20.5,19.0,24.5,127.0,82.0,302.5,60.0,120.5,52.0,0.0,0.5,0.0,,808.5
員林-2025-Precipitation-month.csv,2004,7.5,59.5,54.0,103.5,98.0,16.0,766.0,355.0,94.5,6.0,1.5,54.0,,1615.5
員林-2025-Precipitation-month.csv,2005,16.5,143.5,147.5,63.5,383.0,534.0,277.0,230.0,103.0,22.5,2.5,10.0,,1933.0
員林-2025-Precipitation-month.csv,2006,11.5,13.0,76.5,147.5,237.0,621.5,299.0,152.0,243.0,0.0,98.5,44.0,,1943.5
員林-2025-Precipitation-month.csv,2007,48.5,24.5,76.0,106.5,134.5,405.0,61.5,557.0,309.5,222.0,17.5,3.5,,1966.0
員林-2025-Precipitation-month.csv,2008,16.0,22.0,29.5,30.5,134.5,212.5,583.0,98.5,615.5,58.5,18.0,11.0,,1829.5
員林-2025-Precipitation-month.csv,2009,0.0,1.5,106.5,163.5,12.5,291.0,63.0,515.0,45.5,13.0,12.5,25.0,,1249.0
員林-2025-Precipitation-month.csv,2010,31.0,86.5,64.5,105.5,112.0,426.5,253.0,134.0,216.0,2.0,23.5,23.0,,1477.5
員林-2025-Precipitation-month.csv,2011,25.5,18.0,4.5,--,--,--,--,--,--,--,154.0,33.0,,235.0
員林-2025-Precipitation-month.csv,2012,45.5,107.5,21.0,206.5,336.5,321.5,271.5,489.5,125.5,0.5,99.5,56.5,,2081.5
員林-2025-Precipitation-month.csv,2013,11.0,1.5,42.5,235.5,335.0,122.5,431.5,677.0,39.5,1.5,14.0,54.0,,1965.5
員林-2025-Precipitation-month.csv,2014,1.0,27.0,37.0,16.5,447.5,135.5,96.0,77.0,86.0,0.0,2.0,20.0,,945.5
員林-2025-Precipitation-month.csv,2015,12.0,10.5,4.0,37.5,463.0,62.0,35.5,395.0,150.0,35.5,0.5,29.0,,1234.5
員林-2025-Precipitation-month.csv,2016,188.0,22.0,165.0,142.0,47.5,218.5,76.5,186.0,262.5,40.5,65.5,12.0,,1426.0
員林-2025-Precipitation-month.csv,2017,5.0,8.0,42.5,123.5,110.0,995.0,353.5,71.5,26.0,64.0,28.0,10.0,,1837.0
員林-2025-Precipitation-month.csv,2018,105.5,32.0,31.5,32.0,86.0,195.5,450.0,530.5,39.5,2.0,17.5,0.5,,1522.5
員林-2025-Precipitation-month.csv,2019,9.0,8.0,133.5,82.5,290.5,466.0,186.0,395.5,53.0,8.0,0.0,101.5,,1733.5
員林-2025-Precipitation-month.csv,2020,18.5,0.5,49.5,38.0,285.5,37.0,80.0,210.5,4.5,0.5,2.5,25.5,,752.5
員林-2025-Precipitation-month.csv,2021,2.0,29.0,12.5,22.0,198.0,779.5,129.0,657.5,18.0,10.0,10.0,20.0,,1887.5
員林-2025-Precipitation-month.csv,2022,30.5,102.5,93.0,42.0,367.0,354.0,37.5,277.0,53.0,6.5,2.0,14.0,,1379.0
員林-2025-Precipitation-month.csv,2023,5.0,14.5,15.0,84.5,217.0,213.5,173.5,286.0,396.0,37.5,1.5,14.0,,1458.0
員林-2025-Precipitation-month.csv,2024,5.0,20.0,14.5,156.0,84.0,150.0,549.0,200.5,214.0,71.5,53.5,29.5,,1547.5
員林-2025-Precipitation-month.csv,2025,24.5,59.0,82.5,47.0,204.5,212.5,729.5,359.5,140.0,0.0,--,--,,1859.0
員林-2025-Precipitation-month.csv,總和,1007.5,1665.0,2027.5,3077.0,7426.0,9599.0,8620.0,9599.0,4424.0,805.0,825.0,810.0,,總和
員林-2025-PrecipitationDays-month.csv,1992,--,--,--,--,--,0,12,18,9,0,0,3,,42
員林-2025-PrecipitationDays-month.csv,1993,6,2,9,10,10,13,8,13,2,1,6,2,,82
員林-2025-PrecipitationDays-month.csv,1994,7,11,7,5,11,12,11,17,7,2,0,4,,94
員林-2025-PrecipitationDays-month.csv,1995,4,13,12,6,7,7,13,13,6,1,0,1,,83
員林-2025-PrecipitationDays-month.csv,1996,3,8,6,10,14,10,11,14,4,3,2,3,,88
員林-2025-PrecipitationDays-month.csv,1997,6,10,6,4,9,18,14,14,7,2,0,2,,92
員林-2025-PrecipitationDays-month.csv,1998,6,17,8,13,12,17,8,15,6,7,2,6,,117
員林-2025-PrecipitationDays-month.csv,1999,5,2,8,2,16,14,20,15,5,4,3,4,,98
員林-2025-PrecipitationDays-month.csv,2000,3,8,6,15,5,12,12,15,2,3,4,5,,90
員林-2025-PrecipitationDays-month.csv,2001,5,1,6,11,17,14,13,8,15,1,2,2,,95
員林-2025-PrecipitationDays-month.csv,2002,5,1,6,1,8,7,17,10,8,0,2,7,,72
員林-2025-PrecipitationDays-month.csv,2003,3,1,6,10,4,9,5,11,8,0,1,0,,58
員林-2025-PrecipitationDays-month.csv,2004,4,7,11,6,8,3,13,17,9,1,1,4,,84
員林-2025-PrecipitationDays-month.csv,2005,4,9,13,7,12,16,8,18,5,2,3,4,,101
員林-2025-PrecipitationDays-month.csv,2006,3,3,9,11,13,17,9,10,12,0,12,3,,102
員林-2025-PrecipitationDays-month.csv,2007,6,2,7,12,11,15,5,22,9,4,4,1,,98
員林-2025-PrecipitationDays-month.csv,2008,4,8,6,5,8,11,16,7,12,2,4,3,,86
員林-2025-PrecipitationDays-month.csv,2009,0,1,8,10,3,11,9,11,6,2,2,5,,68
員林-2025-PrecipitationDays-month.csv,2010,8,10,4,14,6,15,9,15,12,3,5,2,,103
員林-2025-PrecipitationDays-month.csv,2011,5,4,1,--,--,--,--,--,--,--,9,5,,24
員林-2025-PrecipitationDays-month.csv,2012,10,10,3,13,11,17,12,14,5,1,10,9,,115
員林-2025-PrecipitationDays-month.csv,2013,3,1,7,18,14,8,17,14,7,1,3,8,,101
員林-2025-PrecipitationDays-month.csv,2014,1,10,9,6,20,11,4,11,8,0,4,8,,92
員林-2025-PrecipitationDays-month.csv,2015,5,3,4,3,15,6,10,16,6,4,1,5,,78
員林-2025-PrecipitationDays-month.csv,2016,16,7,16,9,8,17,9,13,13,6,8,1,,123
員林-2025-PrecipitationDays-month.csv,2017,2,4,8,8,6,13,16,8,4,3,4,4,,80
員林-2025-PrecipitationDays-month.csv,2018,13,9,4,3,3,12,14,18,5,2,5,1,,89
員林-2025-PrecipitationDays-month.csv,2019,3,3,13,9,19,16,13,17,5,1,0,6,,105
員林-2025-PrecipitationDays-month.csv,2020,1,1,4,8,12,7,8,18,2,1,3,7,,72
員林-2025-PrecipitationDays-month.csv,2021,3,2,3,1,2,20,13,14,5,2,2,1,,68
員林-2025-PrecipitationDays-month.csv,2022,10,12,9,6,14,11,5,10,7,3,3,1,,91
員林-2025-PrecipitationDays-month.csv,2023,2,1,4,6,5,16,11,14,10,3,1,3,,76
員林-2025-PrecipitationDays-month.csv,2024,2,2,4,9,10,13,14,13,15,3,2,2,,89
員林-2025-PrecipitationDays-month.csv,2025,7,4,10,5,6,13,20,8,11,0,--,--,,84
員林-2025-PrecipitationDays-month.csv,總和,165,187,237,256,319,401,379,451,247,68,108,122,,總和
員林-2025-RelativeHumidity-month.csv,1992,--,--,--,--,--,--,--,--,--,--,--,--,--,
員林-2025-RelativeHumidity-month.csv,1993,--,--,--,--,--,--,--,--,--,--,--,--,--,
員林-2025-RelativeHumidity-month.csv,1994,--,--,--,--,--,--,--,--,--,--,--,--,--,
員林-2025-RelativeHumidity-month.csv,1995,--,--,--,--,--,--,--,--,--,--,--,--,--,
員林-2025-RelativeHumidity-month.csv,1996,--,--,--,--,--,--,--,--,--,--,--,--,--,
員林-2025-RelativeHumidity-month.csv,1997,--,--,--,--,--,--,--,--,--,--,--,--,--,
員林-2025-RelativeHumidity-month.csv,1998,/,/,/,/,/,/,/,/,/,/,/,/,--,
員林-2025-RelativeHumidity-month.csv,1999,/,/,/,/,/,/,/,/,/,/,/,/,--,
員林-2025-RelativeHumidity-month.csv,2000,/,/,/,/,/,/,/,/,/,/,/,/,--,
員林-2025-RelativeHumidity-month.csv,2001,/,/,/,/,/,/,/,/,/,/,/,/,--,
員林-2025-RelativeHumidity-month.csv,2002,/,/,/,/,/,/,/,/,/,/,/,/,--,
員林-2025-RelativeHumidity-month.csv,2003,/,/,/,/,/,/,/,/,/,/,/,/,--,
員林-2025-RelativeHumidity-month.csv,2004,/,/,/,/,--,--,/,--,/,/,/,/,--,
員林-2025-RelativeHumidity-month.csv,2005,/,/,/,/,/,/,/,/,/,/,/,/,--,
員林-2025-RelativeHumidity-month.csv,2006,/,/,/,/,/,/,/,/,/,/,/,/,--,
員林-2025-RelativeHumidity-month.csv,2007,/,/,/,/,/,/,/,/,/,/,/,/,--,
員林-2025-RelativeHumidity-month.csv,2008,/,/,/,/,/,/,/,/,/,/,/,/,--,
員林-2025-RelativeHumidity-month.csv,2009,/,/,/,/,/,/,/,/,/,/,/,/,--,
員林-2025-RelativeHumidity-month.csv,2010,/,/,/,/,/,/,/,/,/,/,/,/,--,
員林-2025-RelativeHumidity-month.csv,2011,/,/,/,--,--,--,--,--,--,--,81,76,79,
員林-2025-RelativeHumidity-month.csv,2012,81,84,79,83,81,85,79,88,77,73,83,79,81,
員林-2025-RelativeHumidity-month.csv,2013,78,76,75,84,83,77,76,82,79,70,75,75,78,
員林-2025-RelativeHumidity-month.csv,2014,70,79,79,81,90,84,75,75,76,70,75,73,77,
員林-2025-RelativeHumidity-month.csv,2015,72,73,75,72,81,74,75,80,76,77,76,76,76,
員林-2025-RelativeHumidity-month.csv,2016,83,74,82,82,78,79,74,81,84,84,80,79,80,
員林-2025-RelativeHumidity-month.csv,2017,81,76,80,81,84,86,76,77,77,76,82,78,80,
員林-2025-RelativeHumidity-month.csv,2018,83,82,77,77,79,82,83,85,81,76,85,79,81,
員林-2025-RelativeHumidity-month.csv,2019,83,82,86,88,92,87,85,91,81,79,75,81,84,
員林-2025-RelativeHumidity-month.csv,2020,82,81,81,80,85,79,76,86,78,75,80,81,80,
員林-2025-RelativeHumidity-month.csv,2021,77,79,82,79,81,89,83,85,78,77,77,76,80,
員林-2025-RelativeHumidity-month.csv,2022,84,89,83,80,90,84,78,81,78,77,86,75,82,
員林-2025-RelativeHumidity-month.csv,2023,79,78,75,81,82,86,80,86,85,82,75,78,81,
員林-2025-RelativeHumidity-month.csv,2024,78,78,76,84,79,78,77,79,79,84,77,72,78,
員林-2025-RelativeHumidity-month.csv,2025,71,76,74,74,75,78,81,77,80,77,--,--,76,
員林-2025-RelativeHumidity-month.csv,平均,79,79,79,80,83,82,78,82,79,77,79,77,平均,
奮起湖-2025-AirTemperature-month.csv,1992,--,--,--,--,--,--,--,--,--,--,--,--,--,
奮起湖-2025-AirTemperature-month.csv,1993,--,--,13.9,16.5,18.1,19.3,19.6,19.6,18.4,16.9,16.4,13.1,17.2,
奮起湖-2025-AirTemperature-month.csv,1994,12.2,13.5,13.2,17.6,18.4,19.5,19.7,19.2,18.0,15.8,14.6,14.7,16.4,
奮起湖-2025-AirTemperature-month.csv,1995,11.4,11.2,14.0,17.3,18.0,19.7,19.5,19.1,19.1,18.3,14.9,11.5,16.2,
奮起湖-2025-AirTemperature-month.csv,1996,12.1,11.5,15.9,14.9,17.6,19.6,20.0,19.4,19.3,18.0,17.1,12.1,16.5,
奮起湖-2025-AirTemperature-month.csv,1997,11.6,12.5,14.2,16.4,17.8,18.6,19.3,19.5,18.2,17.4,15.5,13.5,16.2,
奮起湖-2025-AirTemperature-month.csv,1998,13.3,13.9,15.5,17.4,18.8,19.6,19.9,20.1,19.2,18.3,17.4,14.9,17.4,
奮起湖-2025-AirTemperature-month.csv,1999,13.3,12.2,16.6,17.2,17.6,19.5,19.6,19.2,18.9,18.1,15.4,12.6,16.7,
奮起湖-2025-AirTemperature-month.csv,2000,12.3,13.2,14.9,17.0,17.9,19.5,19.6,19.3,18.4,18.8,17.2,14.5,16.9,
奮起湖-2025-AirTemperature-month.csv,2001,12.7,14.2,14.7,17.3,19.1,19.6,20.0,20.2,19.0,17.4,14.1,13.0,16.8,
奮起湖-2025-AirTemperature-month.csv,2002,11.9,12.1,15.1,18.0,18.4,19.8,20.7,19.9,19.0,18.0,15.2,13.8,16.8,
奮起湖-2025-AirTemperature-month.csv,2003,11.0,13.4,14.3,17.6,18.9,19.4,20.6,20.1,19.6,16.7,16.8,11.8,16.7,
奮起湖-2025-AirTemperature-month.csv,2004,11.7,12.8,14.7,16.7,19.5,19.5,19.7,20.0,19.2,15.8,15.3,12.9,16.5,
奮起湖-2025-AirTemperature-month.csv,2005,11.8,14.3,12.9,16.8,19.1,19.6,20.4,19.8,19.4,17.9,16.4,12.2,16.7,
奮起湖-2025-AirTemperature-month.csv,2006,13.5,14.2,14.6,17.8,18.8,19.5,20.3,19.9,19.0,17.4,16.6,13.3,17.1,
奮起湖-2025-AirTemperature-month.csv,2007,12.5,13.4,15.3,16.2,18.4,19.7,20.4,19.6,19.3,17.8,15.5,13.7,16.8,
奮起湖-2025-AirTemperature-month.csv,2008,14.0,11.5,13.9,17.2,18.0,19.4,19.7,19.8,19.4,18.7,15.5,12.3,16.6,
奮起湖-2025-AirTemperature-month.csv,2009,10.6,15.5,15.4,16.0,17.3,19.5,20.5,20.3,20.3,18.3,16.0,12.3,16.8,
奮起湖-2025-AirTemperature-month.csv,2010,12.5,14.9,15.6,17.0,19.2,19.7,20.2,20.1,19.7,18.4,15.5,12.6,17.1,
奮起湖-2025-AirTemperature-month.csv,2011,11.3,12.7,13.2,15.4,18.9,20.5,20.1,20.2,19.5,18.2,17.4,13.5,16.7,
奮起湖-2025-AirTemperature-month.csv,2012,12.7,14.3,15.8,17.8,19.1,20.0,20.2,19.7,19.2,16.6,16.2,13.7,17.1,
奮起湖-2025-AirTemperature-month.csv,2013,12.4,15.1,15.6,16.6,18.8,20.4,19.9,20.0,19.4,16.9,15.8,12.2,16.9,
奮起湖-2025-AirTemperature-month.csv,2014,10.6,12.5,14.4,16.5,18.7,20.4,21.0,20.1,20.3,17.5,16.0,12.2,16.7,
奮起湖-2025-AirTemperature-month.csv,2015,11.3,12.6,15.4,17.4,19.1,20.6,21.1,--,--,--,--,--,16.8,
奮起湖-2025-AirTemperature-month.csv,2016,12.8,12.5,13.7,18.3,19.6,20.3,20.5,20.4,19.8,19.6,16.6,15.0,17.4,
奮起湖-2025-AirTemperature-month.csv,2017,13.3,12.4,14.4,16.4,18.6,19.9,19.9,20.3,20.3,18.2,17.3,13.0,17.0,
奮起湖-2025-AirTemperature-month.csv,2018,12.9,12.1,13.9,16.2,19.3,19.7,19.7,19.3,19.3,16.9,16.4,15.3,16.8,
奮起湖-2025-AirTemperature-month.csv,2019,13.8,15.0,15.2,17.9,18.2,19.9,20.3,20.0,19.0,17.6,15.6,13.4,17.2,
奮起湖-2025-AirTemperature-month.csv,2020,12.2,12.9,15.6,15.6,19.4,20.2,20.3,20.0,19.8,18.5,16.9,14.8,17.2,
奮起湖-2025-AirTemperature-month.csv,2021,10.7,13.0,15.6,16.8,20.3,19.6,20.2,19.7,20.0,18.5,16.1,13.2,17.0,
奮起湖-2025-AirTemperature-month.csv,2022,13.1,13.1,15.9,16.8,18.3,19.8,20.6,20.2,19.3,18.3,18.0,12.9,17.2,
奮起湖-2025-AirTemperature-month.csv,2023,12.9,13.8,14.4,17.2,18.8,20.2,21.2,--,--,--,--,--,16.9,
奮起湖-2025-AirTemperature-month.csv,2024,--,--,--,--,--,--,20.8,20.3,20.2,19.4,17.5,13.5,18.6,
奮起湖-2025-AirTemperature-month.csv,2025,12.3,17.3,21.8,20.1,19.2,20.3,20.1,20.0,--,--,--,--,18.9,
奮起湖-2025-AirTemperature-month.csv,平均,12.3,13.3,15.0,17.0,18.7,19.8,20.2,19.8,19.3,17.8,16.2,13.3,平均,
奮起湖-2025-Precipitation-month.csv,1992,--,--,--,--,--,--,--,--,--,--,--,--,,--
奮起湖-2025-Precipitation-month.csv,1993,X,X,148.0,174.0,744.5,1075.0,334.0,393.5,228.0,49.5,52.0,10.5,,3209.0
奮起湖-2025-Precipitation-month.csv,1994,35.5,140.0,81.0,102.5,682.5,393.0,717.0,1960.0,240.0,364.5,1.0,30.5,,4747.5
奮起湖-2025-Precipitation-month.csv,1995,35.0,78.0,112.5,123.0,301.0,829.5,525.5,349.5,110.5,46.0,0.5,11.0,,2522.0
奮起湖-2025-Precipitation-month.csv,1996,37.0,26.5,19.0,251.5,654.0,228.0,968.5,1300.5,199.0,73.5,23.5,9.5,,3790.5
奮起湖-2025-Precipitation-month.csv,1997,50.0,132.5,226.0,74.0,333.5,1025.5,545.0,866.5,169.0,49.0,1.0,26.5,,3498.5
奮起湖-2025-Precipitation-month.csv,1998,120.0,359.5,266.0,297.5,314.0,1008.0,177.5,633.5,451.0,499.0,1.5,99.5,,4227.0
奮起湖-2025-Precipitation-month.csv,1999,35.0,1.0,50.5,96.5,382.0,258.5,729.5,951.5,154.0,106.5,39.0,78.0,,2882.0
奮起湖-2025-Precipitation-month.csv,2000,20.5,122.0,60.0,294.0,176.0,416.5,527.0,766.0,129.0,128.5,74.5,45.5,,2759.5
奮起湖-2025-Precipitation-month.csv,2001,94.5,3.5,99.5,153.0,716.0,656.5,860.0,247.0,1186.5,47.5,27.0,15.0,,4106.0
奮起湖-2025-Precipitation-month.csv,2002,72.0,3.0,34.5,4.5,351.5,380.5,668.0,464.5,200.5,38.0,4.5,98.5,,2320.0
奮起湖-2025-Precipitation-month.csv,2003,40.0,15.0,70.5,250.5,168.0,866.0,153.0,283.5,295.5,146.0,24.5,0.5,,2313.0
奮起湖-2025-Precipitation-month.csv,2004,15.0,46.0,73.5,104.0,282.0,96.5,1600.0,1074.0,202.5,43.0,1.0,78.5,,3616.0
奮起湖-2025-Precipitation-month.csv,2005,18.5,168.0,253.0,90.5,708.5,1009.0,1360.0,1140.5,655.0,207.5,30.0,22.5,,5663.0
奮起湖-2025-Precipitation-month.csv,2006,23.0,3.5,132.5,254.0,557.0,1520.0,1344.5,318.5,337.5,13.0,106.0,39.5,,4649.0
奮起湖-2025-Precipitation-month.csv,2007,124.0,28.5,45.0,128.0,386.0,597.5,185.5,1446.0,623.0,1167.5,36.5,5.5,,4773.0
奮起湖-2025-Precipitation-month.csv,2008,55.0,52.5,52.0,161.5,477.0,489.0,1661.0,162.0,2676.5,96.0,46.5,10.5,,5939.5
奮起湖-2025-Precipitation-month.csv,2009,0.0,8.0,162.5,263.0,91.0,587.0,147.0,3144.5,188.0,48.0,34.5,43.5,,4717.0
奮起湖-2025-Precipitation-month.csv,2010,39.0,116.5,28.0,209.5,346.5,539.5,732.5,434.0,554.5,107.0,63.5,56.0,,3226.5
奮起湖-2025-Precipitation-month.csv,2011,54.0,39.5,58.0,12.5,395.5,234.0,736.5,542.5,94.5,107.5,228.0,58.0,,2560.5
奮起湖-2025-Precipitation-month.csv,2012,60.5,94.0,23.5,287.5,731.0,1435.0,322.5,1038.5,105.5,5.0,150.5,85.5,,4339.0
奮起湖-2025-Precipitation-month.csv,2013,32.5,3.0,46.5,287.5,760.0,204.5,1028.0,1509.0,227.0,27.5,21.0,81.0,,4227.5
奮起湖-2025-Precipitation-month.csv,2014,0.5,96.0,106.0,45.0,762.0,538.5,648.0,346.5,260.5,4.0,11.5,89.0,,2907.5
奮起湖-2025-Precipitation-month.csv,2015,20.5,50.0,26.0,82.5,1023.0,105.5,80.0,--,--,--,--,--,,1387.5
奮起湖-2025-Precipitation-month.csv,2016,284.0,64.0,288.5,275.0,220.0,801.5,333.0,278.5,1315.0,80.5,83.0,21.5,,4044.5
奮起湖-2025-Precipitation-month.csv,2017,4.5,27.5,70.0,165.5,398.5,1588.5,861.5,234.5,144.0,106.5,19.5,25.0,,3645.5
奮起湖-2025-Precipitation-month.csv,2018,151.5,94.5,59.5,116.5,121.5,709.0,792.5,1244.5,231.0,59.0,20.0,3.0,,3602.5
奮起湖-2025-Precipitation-month.csv,2019,14.5,5.0,165.0,189.0,941.5,737.0,336.0,1313.0,149.5,43.5,3.0,154.5,,4051.5
奮起湖-2025-Precipitation-month.csv,2020,21.5,26.5,228.0,91.0,838.5,173.5,354.5,384.0,151.5,32.5,33.0,51.5,,2386.0
奮起湖-2025-Precipitation-month.csv,2021,23.0,22.5,25.0,83.0,221.0,1111.0,503.0,1369.5,258.5,57.5,48.0,70.0,,3792.0
奮起湖-2025-Precipitation-month.csv,2022,76.0,133.0,98.0,92.5,581.5,435.5,286.5,507.5,378.5,68.5,7.0,28.5,,2693.0
奮起湖-2025-Precipitation-month.csv,2023,18.0,15.0,21.5,110.5,316.5,298.5,479.0,1121.0,366.0,107.5,1.0,66.5,,2921.0
奮起湖-2025-Precipitation-month.csv,2024,10.0,43.5,27.5,301.5,367.5,208.0,2107.5,523.0,391.5,364.5,155.5,42.0,,4542.0
奮起湖-2025-Precipitation-month.csv,2025,45.0,0.0,0.0,12.0,178.5,582.5,1978.0,744.5,&,&,--,--,,3540.5
奮起湖-2025-Precipitation-month.csv,總和,1630.0,2018.0,3157.0,5183.0,15527.5,21138.0,24082.0,27092.0,12673.0,4294.0,1348.0,1457.0,,總和
奮起湖-2025-PrecipitationDays-month.csv,1992,--,--,--,--,--,--,--,--,--,--,--,--,,--
奮起湖-2025-PrecipitationDays-month.csv,1993,0,0,10,16,17,25,15,18,14,12,7,4,,138
奮起湖-2025-PrecipitationDays-month.csv,1994,9,15,9,13,23,23,27,26,18,9,1,5,,178
奮起湖-2025-PrecipitationDays-month.csv,1995,6,12,13,5,21,15,23,26,13,11,1,2,,148
奮起湖-2025-PrecipitationDays-month.csv,1996,2,7,3,15,25,14,23,22,14,14,5,5,,149
奮起湖-2025-PrecipitationDays-month.csv,1997,9,15,9,11,16,25,23,25,19,12,2,7,,173
奮起湖-2025-PrecipitationDays-month.csv,1998,7,16,9,14,27,23,16,24,19,15,2,10,,182
奮起湖-2025-PrecipitationDays-month.csv,1999,10,2,9,14,20,19,29,20,19,13,9,12,,176
奮起湖-2025-PrecipitationDays-month.csv,2000,6,13,7,15,18,21,28,24,11,11,6,6,,166
奮起湖-2025-PrecipitationDays-month.csv,2001,8,4,7,12,20,22,20,21,21,7,5,4,,151
奮起湖-2025-PrecipitationDays-month.csv,2002,5,3,9,3,19,22,21,20,20,11,3,8,,144
奮起湖-2025-PrecipitationDays-month.csv,2003,5,3,9,15,14,17,17,24,18,8,6,1,,137
奮起湖-2025-PrecipitationDays-month.csv,2004,7,7,13,11,12,14,25,21,16,5,1,2,,134
奮起湖-2025-PrecipitationDays-month.csv,2005,6,8,17,9,23,27,14,26,17,12,5,9,,173
奮起湖-2025-PrecipitationDays-month.csv,2006,8,2,12,16,23,23,22,23,20,8,14,8,,179
奮起湖-2025-PrecipitationDays-month.csv,2007,8,4,13,14,16,24,17,28,23,11,8,2,,168
奮起湖-2025-PrecipitationDays-month.csv,2008,10,11,10,15,23,21,22,19,25,13,6,5,,180
奮起湖-2025-PrecipitationDays-month.csv,2009,0,3,12,15,16,20,16,25,22,11,7,9,,156
奮起湖-2025-PrecipitationDays-month.csv,2010,7,10,7,16,12,24,22,30,23,14,7,7,,179
奮起湖-2025-PrecipitationDays-month.csv,2011,9,4,12,7,18,18,22,21,15,17,13,11,,167
奮起湖-2025-PrecipitationDays-month.csv,2012,13,12,5,17,20,24,19,27,13,4,13,12,,179
奮起湖-2025-PrecipitationDays-month.csv,2013,8,3,11,23,25,19,23,25,19,11,7,12,,186
奮起湖-2025-PrecipitationDays-month.csv,2014,1,13,10,16,29,24,19,22,18,4,5,15,,176
奮起湖-2025-PrecipitationDays-month.csv,2015,5,3,6,8,23,16,5,--,--,--,--,--,,66
奮起湖-2025-PrecipitationDays-month.csv,2016,20,15,15,12,19,24,17,18,22,12,9,6,,189
奮起湖-2025-PrecipitationDays-month.csv,2017,4,8,11,13,22,20,25,24,15,12,7,11,,172
奮起湖-2025-PrecipitationDays-month.csv,2018,19,14,8,12,11,25,28,30,17,16,7,5,,192
奮起湖-2025-PrecipitationDays-month.csv,2019,7,5,16,11,26,22,24,25,16,10,3,10,,175
奮起湖-2025-PrecipitationDays-month.csv,2020,6,4,11,14,21,16,26,27,15,17,11,13,,181
奮起湖-2025-PrecipitationDays-month.csv,2021,8,3,5,10,10,28,27,27,22,10,10,7,,167
奮起湖-2025-PrecipitationDays-month.csv,2022,10,11,11,10,23,25,20,26,20,14,6,4,,180
奮起湖-2025-PrecipitationDays-month.csv,2023,3,4,4,12,20,24,25,25,17,16,2,12,,164
奮起湖-2025-PrecipitationDays-month.csv,2024,3,3,9,11,20,10,24,28,23,14,7,8,,160
奮起湖-2025-PrecipitationDays-month.csv,2025,12,0,0,4,11,24,29,24,&,&,--,--,,104
奮起湖-2025-PrecipitationDays-month.csv,總和,241,237,312,409,643,698,713,771,564,354,195,232,,總和
奮起湖-2025-RelativeHumidity-month.csv,1992,--,--,--,--,--,--,--,--,--,--,--,--,--,
奮起湖-2025-RelativeHumidity-month.csv,1993,--,--,--,--,--,--,--,--,--,--,--,--,--,
奮起湖-2025-RelativeHumidity-month.csv,1994,--,--,--,--,--,--,--,--,--,--,--,--,--,
奮起湖-2025-RelativeHumidity-month.csv,1995,--,--,--,--,--,--,--,--,--,--,--,--,--,
奮起湖-2025-RelativeHumidity-month.csv,1996,--,--,--,--,--,--,--,--,--,--,--,--,--,
奮起湖-2025-RelativeHumidity-month.csv,1997,--,--,--,--,--,--,--,--,--,--,--,--,--,
奮起湖-2025-RelativeHumidity-month.csv,1998,/,/,/,/,/,/,/,/,/,/,/,/,--,
奮起湖-2025-RelativeHumidity-month.csv,1999,/,/,/,/,/,/,/,/,/,/,/,/,--,
奮起湖-2025-RelativeHumidity-month.csv,2000,/,/,/,/,/,/,/,/,/,/,/,/,--,
奮起湖-2025-RelativeHumidity-month.csv,2001,/,/,/,/,/,/,/,/,/,/,/,/,--,
奮起湖-2025-RelativeHumidity-month.csv,2002,/,/,/,/,/,/,/,/,/,/,/,/,--,
奮起湖-2025-RelativeHumidity-month.csv,2003,/,/,/,/,/,/,/,/,/,/,/,/,--,
奮起湖-2025-RelativeHumidity-month.csv,2004,/,/,/,/,--,--,--,--,/,/,/,/,--,
奮起湖-2025-RelativeHumidity-month.csv,2005,/,/,/,/,/,/,/,/,/,/,/,/,--,
奮起湖-2025-RelativeHumidity-month.csv,2006,/,/,/,/,/,/,/,/,/,/,/,/,--,
奮起湖-2025-RelativeHumidity-month.csv,2007,/,/,/,/,/,/,/,/,/,/,/,/,--,
奮起湖-2025-RelativeHumidity-month.csv,2008,/,/,/,/,/,/,/,/,/,/,/,/,--,
奮起湖-2025-RelativeHumidity-month.csv,2009,/,/,/,/,/,/,/,/,/,/,/,/,--,
奮起湖-2025-RelativeHumidity-month.csv,2010,/,/,/,/,/,/,/,/,/,/,/,/,--,
奮起湖-2025-RelativeHumidity-month.csv,2011,/,/,/,/,/,/,/,/,/,/,/,/,--,
奮起湖-2025-RelativeHumidity-month.csv,2012,--,--,--,--,--,--,--,--,--,--,--,--,--,
奮起湖-2025-RelativeHumidity-month.csv,2013,--,--,--,--,--,--,--,--,--,--,--,--,--,
奮起湖-2025-RelativeHumidity-month.csv,2014,--,--,--,--,--,--,--,--,--,--,--,--,--,
奮起湖-2025-RelativeHumidity-month.csv,2015,--,--,--,--,--,--,--,--,--,--,--,--,--,
奮起湖-2025-RelativeHumidity-month.csv,2016,88,85,87,83,89,92,92,94,95,91,90,84,89,
奮起湖-2025-RelativeHumidity-month.csv,2017,85,87,91,89,93,92,94,95,92,93,89,87,91,
奮起湖-2025-RelativeHumidity-month.csv,2018,87,89,84,92,92,95,96,96,95,92,89,85,91,
奮起湖-2025-RelativeHumidity-month.csv,2019,86,84,87,86,97,93,94,97,94,94,88,87,91,
奮起湖-2025-RelativeHumidity-month.csv,2020,83,83,89,88,91,90,93,94,93,93,90,89,90,
奮起湖-2025-RelativeHumidity-month.csv,2021,83,81,89,91,83,95,94,94,94,92,90,86,89,
奮起湖-2025-RelativeHumidity-month.csv,2022,86,87,86,90,93,91,93,95,93,94,90,83,90,
奮起湖-2025-RelativeHumidity-month.csv,2023,81,85,81,91,92,93,88,--,--,--,--,--,87,
奮起湖-2025-RelativeHumidity-month.csv,2024,--,--,--,--,--,--,96,96,95,93,91,87,93,
奮起湖-2025-RelativeHumidity-month.csv,2025,87,76,67,81,93,94,97,95,--,--,--,--,86,
奮起湖-2025-RelativeHumidity-month.csv,平均,85,84,85,88,91,93,94,95,94,93,90,86,平均,
新北-2025-AirTemperature-month.csv,2023,16.3,16.8,18.8,21.6,24.8,27.5,28.9,28.3,27.5,24.2,21.2,17.9,22.8,
新北-2025-AirTemperature-month.csv,2024,15.6,17.1,18.4,23.9,24.4,27.2,28.7,28.2,27.9,25.1,21.3,16.6,22.9,
新北-2025-AirTemperature-month.csv,2025,15.2,15.8,17.9,21.6,24.8,27.9,28.2,28.8,28.6,28.5,--,--,23.7,
新北-2025-AirTemperature-month.csv,平均,15.7,16.6,18.4,22.4,24.7,27.5,28.6,28.4,28.0,25.9,21.3,17.3,平均,
新北-2025-Precipitation-month.csv,2023,52.0,46.5,35.5,118.0,278.0,361.5,233.5,372.5,284.0,202.5,70.5,135.0,,2189.5
新北-2025-Precipitation-month.csv,2024,87.5,73.0,103.5,236.5,205.0,613.0,507.0,432.0,564.0,559.5,111.5,55.0,,3547.5
新北-2025-Precipitation-month.csv,2025,78.0,155.5,359.0,240.5,475.5,190.5,302.0,177.5,188.0,0.0,--,--,,2166.5
新北-2025-Precipitation-month.csv,總和,217.5,275.0,498.0,595.0,958.5,1165.0,1042.5,982.0,1036.0,762.0,182.0,190.0,,總和
新北-2025-PrecipitationDays-month.csv,2023,15,10,7,10,12,16,13,17,11,15,8,13,,147
新北-2025-PrecipitationDays-month.csv,2024,11,6,12,17,14,20,15,15,17,19,17,12,,175
新北-2025-PrecipitationDays-month.csv,2025,11,12,15,14,15,14,20,9,9,0,--,--,,119
新北-2025-PrecipitationDays-month.csv,總和,37,28,34,41,41,50,48,41,37,34,25,25,,總和
新北-2025-RelativeHumidity-month.csv,2023,81,82,77,80,80,83,78,81,80,83,78,85,81,
新北-2025-RelativeHumidity-month.csv,2024,81,82,78,85,81,85,81,83,82,86,85,81,83,
新北-2025-RelativeHumidity-month.csv,2025,74,81,79,78,80,81,81,76,76,73,--,--,78,
新北-2025-RelativeHumidity-month.csv,平均,79,82,78,81,80,83,80,80,79,81,82,83,平均,
新北-2025-SunshineDuration-month.csv,2023,78.9,68.8,139.0,102.4,124.6,133.6,214.2,185.7,201.5,78.8,139.7,81.5,,1548.7
新北-2025-SunshineDuration-month.csv,2024,96.2,106.8,98.4,80.2,106.9,113.8,216.3,193.8,177.0,95.0,42.5,43.8,,1370.7
新北-2025-SunshineDuration-month.csv,2025,96.2,54.8,127.0,111.6,113.6,163.7,141.8,236.2,201.1,43.5,--,--,,1289.5
新北-2025-SunshineDuration-month.csv,總和,271.3,230.4,364.4,294.2,345.1,411.1,572.3,615.7,579.6,217.3,182.2,125.3,,總和
新屋1-2008-AirTemperature-month.csv,1987,--,--,--,--,--,25.2,28.3,28.6,24.3,23.8,20.6,15.9,23.8,
新屋1-2008-AirTemperature-month.csv,1988,--,14.7,14.7,19.0,--,27.4,28.7,28.1,26.0,22.9,18.1,15.6,21.5,
新屋1-2008-AirTemperature-month.csv,1989,15.1,14.2,16.1,20.8,23.1,26.2,28.0,28.1,26.4,22.3,19.2,16.0,21.3,
新屋1-2008-AirTemperature-month.csv,1990,15.3,16.0,16.8,19.7,23.7,26.2,28.3,28.0,26.1,22.8,20.9,17.3,21.8,
新屋1-2008-AirTemperature-month.csv,1991,14.8,15.2,18.3,20.9,24.4,27.4,28.5,28.4,26.3,21.7,19.1,16.9,21.8,
新屋1-2008-AirTemperature-month.csv,1992,14.2,13.5,16.8,20.4,22.8,25.8,28.2,28.3,26.4,21.7,18.9,17.6,21.2,
新屋1-2008-AirTemperature-month.csv,1993,13.9,16.2,17.0,19.9,24.2,27.0,28.6,28.4,26.8,22.7,21.1,16.5,21.9,
新屋1-2008-AirTemperature-month.csv,1994,15.2,15.3,15.7,22.8,25.1,27.5,28.8,28.0,25.3,22.5,21.1,19.0,22.2,
新屋1-2008-AirTemperature-month.csv,1995,14.6,13.3,15.8,21.1,23.4,26.9,28.3,28.0,26.6,23.9,19.0,15.7,21.4,
新屋1-2008-AirTemperature-month.csv,1996,14.9,14.3,17.0,18.0,22.7,27.9,28.8,28.3,27.4,24.1,21.2,16.7,21.8,
新屋1-2008-AirTemperature-month.csv,1997,14.6,14.7,18.4,21.3,24.7,25.6,28.2,28.3,25.4,23.5,21.1,17.5,21.9,
新屋1-2008-AirTemperature-month.csv,1998,15.1,15.4,17.5,23.6,25.8,27.3,29.1,29.3,26.4,24.2,21.6,18.6,22.8,
新屋1-2008-AirTemperature-month.csv,1999,16.0,16.1,18.5,21.8,23.2,27.3,28.8,28.2,X,X,20.5,16.3,21.7,
新屋1-2008-AirTemperature-month.csv,2000,15.6,14.9,16.6,20.5,24.8,27.0,28.6,27.8,26.3,24.8,21.1,18.8,22.2,
新屋1-2008-AirTemperature-month.csv,2001,16.2,16.4,18.2,21.0,24.7,27.8,29.0,29.6,26.0,23.5,19.6,17.2,22.4,
新屋1-2008-AirTemperature-month.csv,2002,15.1,16.6,20.0,22.9,25.4,27.8,28.9,29.1,26.7,24.3,20.0,17.8,22.9,
新屋1-2008-AirTemperature-month.csv,2003,14.9,16.2,17.3,22.6,24.6,26.6,29.9,29.8,27.8,23.9,21.2,16.5,22.6,
新屋1-2008-AirTemperature-month.csv,2004,14.4,16.5,16.7,21.3,25.5,27.3,28.3,28.6,26.3,22.0,21.4,18.2,22.2,
新屋1-2008-AirTemperature-month.csv,2005,14.0,14.0,15.4,21.8,25.2,27.2,28.6,28.2,27.9,24.1,21.9,15.3,22.0,
新屋1-2008-AirTemperature-month.csv,2006,15.7,15.8,17.1,22.0,24.3,27.1,29.1,28.8,26.6,24.8,21.8,17.7,22.6,
新屋1-2008-AirTemperature-month.csv,2007,15.8,17.2,18.5,20.2,25.5,27.3,29.7,28.2,27.2,23.8,19.7,18.0,22.6,
新屋1-2008-AirTemperature-month.csv,2008,15.5,12.8,17.9,21.8,24.3,26.9,28.3,29.0,27.5,25.3,20.7,17.1,22.3,
新屋1-2008-AirTemperature-month.csv,平均,15.0,15.2,17.2,21.1,24.4,26.9,28.7,28.5,26.5,23.5,20.4,17.1,平均,
新屋1-2008-Precipitation-month.csv,1987,--,--,--,--,--,214.0,3.5,9.0,330.5,182.0,160.5,&,,899.5
新屋1-2008-Precipitation-month.csv,1988,&,74.0,195.0,365.5,188.0,31.5,237.0,104.0,198.5,74.0,44.5,45.0,,1557.0
新屋1-2008-Precipitation-month.csv,1989,84.0,44.0,114.0,197.0,267.0,38.0,338.5,150.5,367.0,34.0,49.5,66.0,,1749.5
新屋1-2008-Precipitation-month.csv,1990,173.0,198.5,106.0,331.5,5.5,222.0,62.0,419.0,215.0,30.5,32.5,5.5,,1801.0
新屋1-2008-Precipitation-month.csv,1991,119.5,82.5,142.0,137.0,108.0,250.5,1.5,29.5,147.5,58.0,23.0,80.0,,1179.0
新屋1-2008-Precipitation-month.csv,1992,98.0,354.0,199.5,255.5,253.5,205.5,39.0,198.5,112.5,149.5,55.0,83.0,,2003.5
新屋1-2008-Precipitation-month.csv,1993,129.5,23.0,178.0,148.0,162.0,331.5,65.5,73.5,17.5,68.5,86.0,39.5,,1322.5
新屋1-2008-Precipitation-month.csv,1994,61.0,239.0,164.0,72.0,274.0,105.0,110.0,262.5,121.0,130.0,2.0,76.5,,1617.0
新屋1-2008-Precipitation-month.csv,1995,89.0,203.5,201.5,108.0,189.0,146.5,175.5,76.5,151.0,12.5,18.5,22.5,,1394.0
新屋1-2008-Precipitation-month.csv,1996,39.0,190.5,187.0,261.5,363.5,65.5,192.0,130.0,7.5,205.0,3.0,3.0,,1647.5
新屋1-2008-Precipitation-month.csv,1997,7.5,182.5,133.0,91.5,202.0,511.0,44.0,180.0,134.5,37.0,76.5,77.5,,1677.0
新屋1-2008-Precipitation-month.csv,1998,150.5,414.5,267.5,206.5,186.5,236.0,60.0,312.0,212.0,301.5,23.0,132.5,,2502.5
新屋1-2008-Precipitation-month.csv,1999,74.5,11.0,225.5,60.5,383.5,137.0,43.5,72.0,23.5,36.0,36.0,102.0,,1205.0
新屋1-2008-Precipitation-month.csv,2000,53.5,318.0,112.0,269.0,51.5,361.5,126.5,240.0,82.0,143.0,231.5,167.5,,2156.0
新屋1-2008-Precipitation-month.csv,2001,121.5,6.5,177.0,163.5,210.0,130.5,157.5,76.0,1173.5,14.5,11.5,32.5,,2274.5
新屋1-2008-Precipitation-month.csv,2002,48.0,66.5,188.5,24.5,101.5,84.0,202.5,26.0,105.5,55.0,21.0,56.5,,979.5
新屋1-2008-Precipitation-month.csv,2003,88.5,24.5,105.0,199.0,84.5,167.5,12.5,6.5,57.5,13.5,29.5,3.0,,791.5
新屋1-2008-Precipitation-month.csv,2004,92.5,162.0,234.0,137.0,175.0,4.0,224.0,352.5,512.5,88.5,19.5,107.5,,2109.0
新屋1-2008-Precipitation-month.csv,2005,61.5,301.5,270.5,52.0,624.5,168.5,275.0,332.5,64.0,114.0,15.0,55.5,,2334.5
新屋1-2008-Precipitation-month.csv,2006,61.0,105.5,220.0,326.0,305.5,587.0,283.5,41.0,316.5,0.5,96.5,176.5,,2519.5
新屋1-2008-Precipitation-month.csv,2007,109.5,67.0,224.5,171.0,85.0,764.0,5.0,224.5,194.0,221.0,150.0,39.0,,2254.5
新屋1-2008-Precipitation-month.csv,2008,104.5,188.0,139.0,210.5,274.5,202.5,284.0,0.0,672.0,32.0,137.0,42.0,,2286.0
新屋1-2008-Precipitation-month.csv,總和,1766.0,3256.5,3783.5,3787.0,4494.5,4963.5,2942.5,3316.0,5215.5,2000.5,1321.5,1413.0,,總和
新屋1-2008-PrecipitationDays-month.csv,1987,--,--,--,--,--,11,2,2,9,6,11,/,,41
新屋1-2008-PrecipitationDays-month.csv,1988,/,16,20,17,9,4,5,9,13,8,7,5,,113
新屋1-2008-PrecipitationDays-month.csv,1989,15,11,4,15,16,6,9,7,12,5,10,12,,122
新屋1-2008-PrecipitationDays-month.csv,1990,18,11,8,17,4,10,4,13,13,4,8,3,,113
新屋1-2008-PrecipitationDays-month.csv,1991,18,7,14,10,4,9,2,5,15,13,10,9,,116
新屋1-2008-PrecipitationDays-month.csv,1992,13,19,20,17,12,11,2,10,8,9,13,9,,143
新屋1-2008-PrecipitationDays-month.csv,1993,15,8,17,18,10,10,4,6,4,5,9,8,,114
新屋1-2008-PrecipitationDays-month.csv,1994,7,17,17,10,7,6,6,14,5,9,3,11,,112
新屋1-2008-PrecipitationDays-month.csv,1995,16,18,19,10,13,7,9,9,6,5,2,4,,118
新屋1-2008-PrecipitationDays-month.csv,1996,11,7,15,19,19,11,10,6,5,5,6,3,,117
新屋1-2008-PrecipitationDays-month.csv,1997,2,16,13,6,8,18,7,10,11,6,4,13,,114
新屋1-2008-PrecipitationDays-month.csv,1998,17,18,15,15,10,13,7,7,11,13,9,11,,146
新屋1-2008-PrecipitationDays-month.csv,1999,7,5,14,9,14,9,8,8,4,3,4,12,,97
新屋1-2008-PrecipitationDays-month.csv,2000,12,15,10,18,6,9,6,17,7,8,11,11,,130
新屋1-2008-PrecipitationDays-month.csv,2001,11,9,14,16,15,9,8,6,21,5,5,9,,128
新屋1-2008-PrecipitationDays-month.csv,2002,9,7,10,4,7,8,8,5,11,9,10,8,,96
新屋1-2008-PrecipitationDays-month.csv,2003,10,9,11,12,8,12,3,5,6,6,11,4,,97
新屋1-2008-PrecipitationDays-month.csv,2004,12,8,16,9,11,4,9,11,15,9,4,9,,117
新屋1-2008-PrecipitationDays-month.csv,2005,11,19,16,11,14,12,5,13,9,11,5,12,,138
新屋1-2008-PrecipitationDays-month.csv,2006,12,11,15,15,16,11,10,5,8,1,17,11,,132
新屋1-2008-PrecipitationDays-month.csv,2007,10,8,15,16,10,15,2,17,10,7,14,6,,130
新屋1-2008-PrecipitationDays-month.csv,2008,11,21,10,15,14,12,11,0,14,2,9,5,,124
新屋1-2008-PrecipitationDays-month.csv,總和,237,260,293,279,227,217,137,185,217,149,182,175,,總和
新屋1-2008-RelativeHumidity-month.csv,1987,--,--,--,--,--,--,--,--,--,--,--,--,--,
新屋1-2008-RelativeHumidity-month.csv,1988,--,--,--,--,--,--,--,--,--,--,--,--,--,
新屋1-2008-RelativeHumidity-month.csv,1989,--,--,--,--,--,--,--,--,--,--,--,--,--,
新屋1-2008-RelativeHumidity-month.csv,1990,--,--,--,--,--,--,--,--,--,--,--,--,--,
新屋1-2008-RelativeHumidity-month.csv,1991,--,--,--,--,--,--,--,--,--,--,--,--,--,
新屋1-2008-RelativeHumidity-month.csv,1992,--,--,--,--,--,--,--,--,--,--,--,--,--,
新屋1-2008-RelativeHumidity-month.csv,1993,--,--,--,--,--,--,--,--,--,--,--,--,--,
新屋1-2008-RelativeHumidity-month.csv,1994,--,--,--,--,--,--,--,--,--,--,--,--,--,
新屋1-2008-RelativeHumidity-month.csv,1995,--,--,--,--,--,--,--,--,--,--,--,--,--,
新屋1-2008-RelativeHumidity-month.csv,1996,--,--,--,--,--,--,--,--,--,--,--,--,--,
新屋1-2008-RelativeHumidity-month.csv,1997,--,--,--,--,--,--,--,--,--,--,--,--,--,
新屋1-2008-RelativeHumidity-month.csv,1998,/,--,--,--,--,--,--,--,--,--,--,--,--,
新屋1-2008-RelativeHumidity-month.csv,1999,/,/,--,--,--,--,--,--,--,--,--,--,--,
新屋1-2008-RelativeHumidity-month.csv,2000,/,/,/,/,/,/,/,/,/,/,/,/,--,
新屋1-2008-RelativeHumidity-month.csv,2001,/,/,/,/,/,/,/,/,/,/,/,/,--,
新屋1-2008-RelativeHumidity-month.csv,2002,/,/,/,/,/,/,/,/,/,/,/,/,--,
新屋1-2008-RelativeHumidity-month.csv,2003,/,/,/,/,/,/,/,/,/,/,/,/,--,
新屋1-2008-RelativeHumidity-month.csv,2004,/,/,/,/,/,/,/,/,/,/,/,/,--,
新屋1-2008-RelativeHumidity-month.csv,2005,/,/,/,/,/,/,/,/,/,/,/,/,--,
新屋1-2008-RelativeHumidity-month.csv,2006,/,/,/,/,/,/,/,/,/,/,/,/,--,
新屋1-2008-RelativeHumidity-month.csv,2007,/,/,/,/,83,/,/,/,66,74,77,77,75,
新屋1-2008-RelativeHumidity-month.csv,2008,81,82,72,77,73,78,76,71,75,75,74,70,75,
新屋1-2008-RelativeHumidity-month.csv,平均,81,82,72,77,78,78,76,71,71,75,76,74,平均,
新屋2-2013-AirTemperature-month.csv,2008,15.6,13.0,17.5,21.5,24.1,26.8,28.0,28.3,27.0,24.9,20.9,17.0,22.1,
新屋2-2013-AirTemperature-month.csv,2009,14.4,18.2,17.4,20.2,24.2,27.0,28.7,28.8,28.6,24.0,20.5,16.2,22.3,
新屋2-2013-AirTemperature-month.csv,2010,15.3,15.9,18.0,19.4,23.9,25.7,28.8,28.9,27.5,23.7,20.3,16.0,22.0,
新屋2-2013-AirTemperature-month.csv,2011,13.0,14.4,14.7,20.1,23.3,27.6,28.1,28.6,26.7,23.6,22.0,16.2,21.5,
新屋2-2013-AirTemperature-month.csv,2012,14.9,14.0,16.1,22.4,24.7,26.8,29.1,28.4,26.7,23.6,20.8,17.3,22.1,
新屋2-2013-AirTemperature-month.csv,2013,15.6,16.3,18.5,20.4,25.1,28.0,28.5,28.3,26.6,23.7,20.2,15.7,22.2,
新屋2-2013-AirTemperature-month.csv,平均,14.8,15.3,17.0,20.7,24.2,27.0,28.5,28.6,27.2,23.9,20.8,16.4,平均,
新屋2-2013-Precipitation-month.csv,2008,88.0,127.0,88.0,171.0,191.5,118.5,231.5,0.0,413.5,25.5,70.0,21.5,,1546.0
新屋2-2013-Precipitation-month.csv,2009,18.0,26.0,150.5,80.5,26.0,180.0,100.0,214.0,9.0,49.0,90.0,50.0,,993.0
新屋2-2013-Precipitation-month.csv,2010,92.5,166.0,103.5,136.0,241.0,205.0,13.0,218.0,77.0,55.0,30.0,67.5,,1404.5
新屋2-2013-Precipitation-month.csv,2011,68.0,75.0,88.0,20.5,317.0,198.0,120.0,40.0,7.5,35.0,310.0,79.5,,1358.5
新屋2-2013-Precipitation-month.csv,2012,156.5,175.5,78.0,401.5,257.0,552.5,57.0,294.0,5.0,47.0,316.0,170.5,,2510.5
新屋2-2013-Precipitation-month.csv,2013,69.5,31.0,84.5,279.0,408.0,49.0,118.0,525.5,36.5,7.0,39.0,155.0,,1802.0
新屋2-2013-Precipitation-month.csv,總和,492.5,600.5,592.5,1088.5,1440.5,1303.0,639.5,1291.5,548.5,218.5,855.0,544.0,,總和
新屋2-2013-PrecipitationDays-month.csv,2008,11,19,10,15,10,10,9,0,14,4,7,5,,114
新屋2-2013-PrecipitationDays-month.csv,2009,4,8,18,10,3,8,4,6,5,7,13,9,,95
新屋2-2013-PrecipitationDays-month.csv,2010,12,15,10,18,11,15,5,5,8,6,10,4,,119
新屋2-2013-PrecipitationDays-month.csv,2011,16,10,10,7,16,8,11,7,3,6,13,13,,120
新屋2-2013-PrecipitationDays-month.csv,2012,15,16,13,17,12,13,5,10,5,2,13,16,,137
新屋2-2013-PrecipitationDays-month.csv,2013,13,10,13,19,13,8,4,12,8,7,10,14,,131
新屋2-2013-PrecipitationDays-month.csv,總和,71,78,74,86,65,62,38,40,43,32,66,61,,總和
新屋2-2013-RelativeHumidity-month.csv,2008,83,82,78,80,76,79,78,77,79,77,72,71,78,
新屋2-2013-RelativeHumidity-month.csv,2009,72,80,79,73,68,76,74,75,68,69,75,71,73,
新屋2-2013-RelativeHumidity-month.csv,2010,77,84,77,80,80,80,75,74,78,77,74,72,77,
新屋2-2013-RelativeHumidity-month.csv,2011,78,81,74,76,84,81,80,78,74,77,84,80,79,
新屋2-2013-RelativeHumidity-month.csv,2012,84,91,94,/,/,/,87,/,/,70,/,90,86,
新屋2-2013-RelativeHumidity-month.csv,2013,/,/,86,81,82,81,75,81,80,74,77,76,79,
新屋2-2013-RelativeHumidity-month.csv,平均,79,84,81,78,78,79,78,77,76,74,76,77,平均,
新屋3-2025-AirTemperature-month.csv,2013,--,--,--,--,--,--,28.8,28.8,27.2,24.3,20.7,16.2,24.3,
新屋3-2025-AirTemperature-month.csv,2014,15.5,15.2,17.4,21.5,24.4,27.5,29.8,29.3,28.9,24.1,21.4,15.9,22.6,
新屋3-2025-AirTemperature-month.csv,2015,15.6,15.8,17.7,21.5,25.1,28.9,29.1,28.0,26.6,24.7,22.8,18.4,22.8,
新屋3-2025-AirTemperature-month.csv,2016,15.7,14.3,16.3,22.6,26.2,28.7,29.6,29.1,27.4,26.3,21.9,19.3,23.1,
新屋3-2025-AirTemperature-month.csv,2017,17.5,15.9,17.4,21.9,25.3,27.6,29.8,29.9,28.7,25.2,21.5,17.2,23.2,
新屋3-2025-AirTemperature-month.csv,2018,15.9,14.2,19.0,22.6,26.7,27.4,29.3,28.7,27.4,23.1,21.8,18.5,22.9,
新屋3-2025-AirTemperature-month.csv,2019,17.1,17.5,18.8,23.1,24.1,27.7,29.7,29.3,26.8,24.4,21.2,18.0,23.1,
新屋3-2025-AirTemperature-month.csv,2020,16.5,16.9,19.3,20.0,25.8,28.7,30.0,29.2,26.7,24.0,22.4,17.4,23.1,
新屋3-2025-AirTemperature-month.csv,2021,14.6,16.7,17.9,21.2,26.6,27.9,29.1,28.3,28.9,25.7,20.9,17.6,23.0,
新屋3-2025-AirTemperature-month.csv,2022,16.5,15.3,19.2,21.4,22.7,27.2,29.4,29.4,27.0,24.0,22.7,16.2,22.6,
新屋3-2025-AirTemperature-month.csv,2023,15.7,15.3,18.5,21.5,24.6,27.9,29.6,29.0,28.2,24.8,21.4,18.0,22.9,
新屋3-2025-AirTemperature-month.csv,2024,15.8,16.4,18.5,24.2,24.4,27.8,29.8,29.3,28.7,25.3,21.6,17.0,23.2,
新屋3-2025-AirTemperature-month.csv,2025,15.4,15.2,17.4,21.9,25.1,28.2,28.6,29.4,29.0,28.5,--,--,23.9,
新屋3-2025-AirTemperature-month.csv,平均,16.0,15.7,18.1,22.0,25.1,28.0,29.4,29.1,27.8,25.0,21.7,17.5,平均,
新屋3-2025-Precipitation-month.csv,2013,--,--,--,--,--,--,114.3,510.6,34.5,7.0,37.0,163.0,,866.4
新屋3-2025-Precipitation-month.csv,2014,7.6,158.9,78.3,89.9,567.6,132.2,40.7,46.5,29.5,18.9,23.5,65.9,,1259.5
新屋3-2025-Precipitation-month.csv,2015,18.0,81.0,134.5,104.0,360.8,21.4,8.7,205.4,84.1,97.2,13.5,87.3,,1215.9
新屋3-2025-Precipitation-month.csv,2016,263.4,82.1,271.4,172.6,83.6,476.1,17.6,88.0,218.0,69.7,111.4,10.7,,1864.6
新屋3-2025-Precipitation-month.csv,2017,25.4,82.1,170.7,121.3,83.4,761.2,37.3,23.8,18.3,159.8,68.8,40.1,,1592.2
新屋3-2025-Precipitation-month.csv,2018,282.5,106.6,47.6,75.2,24.2,63.7,57.3,207.4,103.1,54.8,36.5,78.1,,1137.0
新屋3-2025-Precipitation-month.csv,2019,49.5,72.9,229.7,115.0,500.7,454.6,52.4,172.6,221.4,8.8,32.5,186.0,,2096.1
新屋3-2025-Precipitation-month.csv,2020,42.0,53.7,167.8,71.3,413.4,36.4,5.5,153.0,105.5,28.0,13.0,101.0,,1190.6
新屋3-2025-Precipitation-month.csv,2021,42.0,62.0,91.0,61.0,88.0,211.0,81.0,237.0,5.5,179.0,46.0,84.0,,1187.5
新屋3-2025-Precipitation-month.csv,2022,85.0,257.0,155.5,59.5,528.0,215.0,68.0,29.0,46.0,170.5,120.5,122.5,,1856.5
新屋3-2025-Precipitation-month.csv,2023,18.5,68.0,26.5,161.5,366.5,82.5,9.5,197.0,34.0,53.5,9.5,87.0,,1114.0
新屋3-2025-Precipitation-month.csv,2024,43.0,63.0,151.0,190.0,139.5,187.5,101.5,36.5,341.0,171.0,72.0,25.0,,1521.0
新屋3-2025-Precipitation-month.csv,2025,22.0,79.0,227.5,237.0,344.0,40.5,375.0,0.5,20.0,0.0,--,--,,1345.5
新屋3-2025-Precipitation-month.csv,總和,898.9,1166.3,1751.5,1458.3,3499.7,2682.1,968.8,1907.3,1260.9,1018.2,584.2,1050.6,,總和
新屋3-2025-PrecipitationDays-month.csv,2013,--,--,--,--,--,--,4,12,9,8,10,12,,55
新屋3-2025-PrecipitationDays-month.csv,2014,3,13,12,8,20,11,5,4,2,6,10,10,,104
新屋3-2025-PrecipitationDays-month.csv,2015,3,8,15,10,14,5,6,15,7,7,5,10,,105
新屋3-2025-PrecipitationDays-month.csv,2016,20,16,18,13,9,11,4,9,17,11,11,4,,143
新屋3-2025-PrecipitationDays-month.csv,2017,5,8,17,12,8,13,6,3,7,11,17,11,,118
新屋3-2025-PrecipitationDays-month.csv,2018,13,13,10,9,1,10,9,18,9,14,12,15,,133
新屋3-2025-PrecipitationDays-month.csv,2019,10,10,17,14,18,13,9,10,13,6,9,9,,138
新屋3-2025-PrecipitationDays-month.csv,2020,5,5,12,14,13,4,3,8,8,9,6,21,,108
新屋3-2025-PrecipitationDays-month.csv,2021,9,7,7,4,5,9,6,5,2,11,9,10,,84
新屋3-2025-PrecipitationDays-month.csv,2022,14,17,10,9,19,11,7,3,10,12,7,18,,137
新屋3-2025-PrecipitationDays-month.csv,2023,11,7,7,10,11,9,3,11,6,11,3,12,,101
新屋3-2025-PrecipitationDays-month.csv,2024,7,10,10,14,12,9,5,2,12,16,13,10,,120
新屋3-2025-PrecipitationDays-month.csv,2025,7,10,12,12,9,8,15,1,4,0,--,--,,78
新屋3-2025-PrecipitationDays-month.csv,總和,107,124,147,129,139,113,82,101,106,122,112,142,,總和
新屋3-2025-RelativeHumidity-month.csv,2013,--,--,--,--,--,--,77,81,77,71,75,75,76,
新屋3-2025-RelativeHumidity-month.csv,2014,72,84,80,80,88,86,79,80,78,73,79,73,79,
新屋3-2025-RelativeHumidity-month.csv,2015,74,79,87,84,87,84,80,84,79,77,79,77,81,
新屋3-2025-RelativeHumidity-month.csv,2016,81,77,82,86,84,83,79,79,83,85,81,76,81,
新屋3-2025-RelativeHumidity-month.csv,2017,79,75,81,77,81,86,78,77,78,76,84,75,79,
新屋3-2025-RelativeHumidity-month.csv,2018,79,80,76,76,79,80,77,81,80,73,82,82,79,
新屋3-2025-RelativeHumidity-month.csv,2019,81,85,81,82,81,82,76,78,75,70,71,75,78,
新屋3-2025-RelativeHumidity-month.csv,2020,82,83,87,81,86,82,78,80,81,75,77,83,81,
新屋3-2025-RelativeHumidity-month.csv,2021,78,82,88,81,85,84,81,83,77,74,77,79,81,
新屋3-2025-RelativeHumidity-month.csv,2022,84,88,87,84,92,86,83,84,83,82,91,88,86,
新屋3-2025-RelativeHumidity-month.csv,2023,87,90,85,87,85,88,81,84,83,82,78,85,85,
新屋3-2025-RelativeHumidity-month.csv,2024,82,88,81,85,83,84,78,79,81,84,80,75,82,
新屋3-2025-RelativeHumidity-month.csv,2025,69,81,81,80,82,82,82,75,79,80,--,--,79,
新屋3-2025-RelativeHumidity-month.csv,平均,79,83,83,82,84,84,79,80,80,77,80,79,平均,
新屋3-2025-SunshineDuration-month.csv,2013,--,--,--,--,--,--,266.6,228.6,218.5,170.5,128.0,75.2,,1087.4
新屋3-2025-SunshineDuration-month.csv,2014,177.4,93.2,85.5,132.2,71.9,169.0,283.1,261.9,273.9,206.0,113.0,96.4,,1963.5
新屋3-2025-SunshineDuration-month.csv,2015,148.0,89.9,97.3,146.4,113.6,269.0,242.4,182.3,197.7,159.2,138.3,65.6,,1849.7
新屋3-2025-SunshineDuration-month.csv,2016,46.1,71.4,83.7,78.1,161.1,228.6,299.7,220.2,131.5,168.8,123.8,131.1,,1744.1
新屋3-2025-SunshineDuration-month.csv,2017,92.3,102.0,75.8,143.1,151.8,162.5,279.6,278.8,222.9,154.7,69.6,108.1,,1841.2
新屋3-2025-SunshineDuration-month.csv,2018,114.6,72.4,167.2,160.1,241.7,175.2,257.2,190.9,182.9,157.1,117.3,97.7,,1934.3
新屋3-2025-SunshineDuration-month.csv,2019,102.3,47.3,89.8,140.0,103.7,157.6,234.5,222.0,176.8,222.7,159.2,107.5,,1763.4
新屋3-2025-SunshineDuration-month.csv,2020,101.6,138.6,105.7,119.8,155.8,261.5,262.7,239.1,158.2,149.3,149.7,25.1,,1867.1
新屋3-2025-SunshineDuration-month.csv,2021,135.3,157.7,102.0,132.7,197.5,220.6,274.9,240.0,287.6,174.1,97.5,119.1,,2139.0
新屋3-2025-SunshineDuration-month.csv,2022,70.8,31.7,140.2,142.1,76.9,170.8,321.5,268.5,201.8,136.1,124.6,89.7,,1774.7
新屋3-2025-SunshineDuration-month.csv,2023,91.4,62.8,155.4,120.0,159.6,208.0,274.0,242.8,227.2,132.8,196.2,96.6,,1966.8
新屋3-2025-SunshineDuration-month.csv,2024,123.3,102.1,117.6,100.3,125.5,166.8,286.7,275.9,202.4,133.2,105.8,92.2,,1831.8
新屋3-2025-SunshineDuration-month.csv,2025,130.7,78.3,125.4,139.3,150.8,227.8,173.7,294.5,221.9,50.3,--,--,,1592.7
新屋3-2025-SunshineDuration-month.csv,總和,1333.8,1047.4,1345.6,1554.1,1709.9,2417.4,3456.6,3145.5,2703.3,2014.8,1523.0,1104.3,,總和
板橋-2022-AirTemperature-month.csv,1972,--,--,--,--,--,--,--,--,--,--,--,--,--,
板橋-2022-AirTemperature-month.csv,1973,--,--,--,--,--,--,--,--,--,--,--,--,--,
板橋-2022-AirTemperature-month.csv,1974,--,--,--,--,--,--,--,--,--,--,--,--,--,
板橋-2022-AirTemperature-month.csv,1975,--,--,--,--,--,--,--,--,--,--,--,--,--,
板橋-2022-AirTemperature-month.csv,1976,--,--,--,--,--,--,--,--,--,--,--,--,--,
板橋-2022-AirTemperature-month.csv,1977,--,--,--,--,--,--,--,--,--,--,--,--,--,
板橋-2022-AirTemperature-month.csv,1978,--,--,--,--,--,--,--,--,--,--,--,--,--,
板橋-2022-AirTemperature-month.csv,1979,--,--,--,--,--,--,--,--,--,--,--,--,--,
板橋-2022-AirTemperature-month.csv,1980,--,--,--,--,--,--,--,--,--,--,--,--,--,
板橋-2022-AirTemperature-month.csv,1981,--,--,--,--,--,--,--,--,--,--,--,--,--,
板橋-2022-AirTemperature-month.csv,1982,--,--,--,--,--,--,--,--,--,--,--,--,--,
板橋-2022-AirTemperature-month.csv,1983,--,--,--,--,--,--,--,--,--,--,--,--,--,
板橋-2022-AirTemperature-month.csv,1984,--,--,--,--,--,--,--,--,--,--,--,--,--,
板橋-2022-AirTemperature-month.csv,1985,--,--,--,--,--,--,--,--,--,--,--,--,--,
板橋-2022-AirTemperature-month.csv,1986,--,--,--,--,--,--,--,--,--,--,--,--,--,
板橋-2022-AirTemperature-month.csv,1987,--,--,--,--,--,--,--,--,--,--,--,--,--,
板橋-2022-AirTemperature-month.csv,1988,--,--,--,--,--,--,--,--,--,--,--,--,--,
板橋-2022-AirTemperature-month.csv,1989,--,--,--,--,--,--,--,--,--,--,--,--,--,
板橋-2022-AirTemperature-month.csv,1990,--,--,--,--,--,--,--,--,--,--,--,--,--,
板橋-2022-AirTemperature-month.csv,1991,--,--,--,--,--,--,--,--,--,--,--,--,--,
板橋-2022-AirTemperature-month.csv,1992,--,--,--,--,--,--,--,--,--,--,--,--,--,
板橋-2022-AirTemperature-month.csv,1993,--,--,--,--,--,--,--,--,--,--,--,--,--,
板橋-2022-AirTemperature-month.csv,1994,--,--,--,--,--,--,--,--,--,--,--,--,--,
板橋-2022-AirTemperature-month.csv,1995,--,--,--,--,--,--,--,--,--,--,--,--,--,
板橋-2022-AirTemperature-month.csv,1996,--,--,--,--,--,--,--,--,--,--,--,--,--,
板橋-2022-AirTemperature-month.csv,1997,--,--,--,--,--,--,--,--,--,--,--,--,--,
板橋-2022-AirTemperature-month.csv,1998,--,--,--,--,--,--,--,--,--,--,--,--,--,
板橋-2022-AirTemperature-month.csv,1999,--,--,--,--,--,--,--,--,--,--,--,--,--,
板橋-2022-AirTemperature-month.csv,2000,--,--,--,--,--,--,--,--,--,--,--,--,--,
板橋-2022-AirTemperature-month.csv,2001,--,--,--,--,--,--,--,--,--,--,--,--,--,
板橋-2022-AirTemperature-month.csv,2002,15.6,17.3,20.7,23.5,26.2,28.4,29.2,29.7,26.7,24.7,20.4,18.5,23.4,
板橋-2022-AirTemperature-month.csv,2003,15.8,17.3,17.9,23.4,25.1,27.1,30.2,29.5,28.0,24.0,22.0,17.1,23.1,
板橋-2022-AirTemperature-month.csv,2004,15.3,17.6,17.5,21.8,25.8,27.2,28.8,28.6,26.4,22.3,22.0,19.0,22.7,
板橋-2022-AirTemperature-month.csv,2005,15.0,15.7,16.6,22.4,25.8,27.7,29.2,28.5,28.3,24.6,22.6,16.0,22.7,
板橋-2022-AirTemperature-month.csv,2006,17.2,17.3,18.2,22.7,25.0,27.4,29.6,29.2,26.7,25.3,22.3,18.3,23.3,
板橋-2022-AirTemperature-month.csv,2007,16.9,18.2,19.3,20.9,26.1,27.6,29.8,28.2,27.3,24.4,20.4,18.9,23.2,
板橋-2022-AirTemperature-month.csv,2008,16.6,13.9,19.0,22.5,24.8,27.2,29.2,29.5,27.7,25.9,21.4,18.0,23.0,
板橋-2022-AirTemperature-month.csv,2009,15.3,20.0,18.4,21.1,25.1,27.8,29.9,29.5,29.1,24.1,21.3,16.8,23.2,
板橋-2022-AirTemperature-month.csv,2010,16.7,17.3,19.7,20.6,25.2,26.0,29.8,29.7,28.5,24.3,21.0,16.9,23.0,
板橋-2022-AirTemperature-month.csv,2011,13.6,16.4,15.9,21.2,24.5,28.6,29.2,29.3,27.5,24.1,22.9,16.8,22.5,
板橋-2022-AirTemperature-month.csv,2012,15.8,16.2,18.5,22.9,25.8,27.7,30.2,28.9,26.9,23.8,21.1,17.7,23.0,
板橋-2022-AirTemperature-month.csv,2013,16.5,18.6,19.7,21.0,25.8,29.0,29.2,29.1,27.8,24.0,21.2,16.2,23.2,
板橋-2022-AirTemperature-month.csv,2014,16.2,16.0,18.5,22.4,25.1,28.0,30.2,29.7,29.6,24.5,22.0,16.2,23.2,
板橋-2022-AirTemperature-month.csv,2015,16.3,17.0,18.7,22.6,26.0,29.8,29.7,28.4,27.2,25.2,23.4,18.8,23.6,
板橋-2022-AirTemperature-month.csv,2016,16.1,15.0,17.2,23.7,26.8,28.8,29.9,29.6,27.7,26.9,22.4,19.9,23.7,
板橋-2022-AirTemperature-month.csv,2017,18.1,16.8,18.0,22.2,25.6,27.9,29.7,30.7,29.2,25.3,22.3,17.6,23.6,
板橋-2022-AirTemperature-month.csv,2018,16.6,15.1,19.9,23.0,27.8,28.3,30.0,29.0,27.8,23.1,22.4,19.1,23.5,
板橋-2022-AirTemperature-month.csv,2019,18.2,18.6,19.5,23.7,24.7,28.1,29.9,30.0,27.0,24.9,21.7,18.6,23.7,
板橋-2022-AirTemperature-month.csv,2020,17.3,18.1,20.3,20.4,26.6,30.0,30.4,29.6,27.2,24.4,23.0,17.9,23.8,
板橋-2022-AirTemperature-month.csv,2021,15.8,18.8,20.2,22.3,28.1,29.0,30.0,28.7,29.2,25.8,21.2,18.1,23.9,
板橋-2022-AirTemperature-month.csv,2022,17.2,16.3,20.8,22.4,23.5,27.9,30.4,30.1,27.2,24.1,23.6,16.5,23.3,
板橋-2022-AirTemperature-month.csv,平均,16.3,17.0,18.8,22.2,25.7,28.1,29.7,29.3,27.8,24.6,21.9,17.8,平均,
板橋-2022-Precipitation-month.csv,1972,--,--,--,--,--,--,--,--,--,--,--,--,,--
板橋-2022-Precipitation-month.csv,1973,--,--,--,--,--,--,--,--,--,--,--,--,,--
板橋-2022-Precipitation-month.csv,1974,--,--,--,--,--,--,--,--,--,--,--,--,,--
板橋-2022-Precipitation-month.csv,1975,--,--,--,--,--,--,--,--,--,--,--,--,,--
板橋-2022-Precipitation-month.csv,1976,--,--,--,--,--,--,--,--,--,--,--,--,,--
板橋-2022-Precipitation-month.csv,1977,--,--,--,--,--,--,--,--,--,--,--,--,,--
板橋-2022-Precipitation-month.csv,1978,--,--,--,--,--,--,--,--,--,--,--,--,,--
板橋-2022-Precipitation-month.csv,1979,--,--,--,--,--,--,--,--,--,--,--,--,,--
板橋-2022-Precipitation-month.csv,1980,--,--,--,--,--,--,--,--,--,--,--,--,,--
板橋-2022-Precipitation-month.csv,1981,--,--,--,--,--,--,--,--,--,--,--,--,,--
板橋-2022-Precipitation-month.csv,1982,--,--,--,--,--,--,--,--,--,--,--,--,,--
板橋-2022-Precipitation-month.csv,1983,--,--,--,--,--,--,--,--,--,--,--,--,,--
板橋-2022-Precipitation-month.csv,1984,--,--,--,--,--,--,--,--,--,--,--,--,,--
板橋-2022-Precipitation-month.csv,1985,--,--,--,--,--,--,--,--,--,--,--,--,,--
板橋-2022-Precipitation-month.csv,1986,--,--,--,--,--,--,--,--,--,--,--,--,,--
板橋-2022-Precipitation-month.csv,1987,--,--,--,--,--,--,--,--,--,--,--,--,,--
板橋-2022-Precipitation-month.csv,1988,--,--,--,--,--,--,--,--,--,--,--,--,,--
板橋-2022-Precipitation-month.csv,1989,--,--,--,--,--,--,--,--,--,--,--,--,,--
板橋-2022-Precipitation-month.csv,1990,--,--,--,--,--,--,--,--,--,--,--,--,,--
板橋-2022-Precipitation-month.csv,1991,--,--,--,--,--,--,--,--,--,--,--,--,,--
板橋-2022-Precipitation-month.csv,1992,--,--,--,--,--,--,--,--,--,--,--,--,,--
板橋-2022-Precipitation-month.csv,1993,--,--,--,--,--,--,--,--,--,--,--,--,,--
板橋-2022-Precipitation-month.csv,1994,--,--,--,--,--,--,--,--,--,--,--,--,,--
板橋-2022-Precipitation-month.csv,1995,--,--,--,--,--,--,--,--,--,--,--,--,,--
板橋-2022-Precipitation-month.csv,1996,--,--,--,--,--,--,--,--,--,--,--,--,,--
板橋-2022-Precipitation-month.csv,1997,--,--,--,--,--,--,--,--,--,--,--,--,,--
板橋-2022-Precipitation-month.csv,1998,--,--,--,--,--,--,--,--,--,--,--,--,,--
板橋-2022-Precipitation-month.csv,1999,--,--,--,--,--,--,--,--,--,--,--,--,,--
板橋-2022-Precipitation-month.csv,2000,--,--,--,--,--,--,--,--,--,--,--,--,,--
板橋-2022-Precipitation-month.csv,2001,--,--,--,--,--,--,--,--,--,--,--,--,,--
板橋-2022-Precipitation-month.csv,2002,80.7,87.5,144.2,27.7,117.1,109.6,317.4,31.4,169.3,66.9,78.6,97.0,,1327.4
板橋-2022-Precipitation-month.csv,2003,64.7,35.4,94.4,139.5,84.1,193.4,120.4,151.0,174.5,87.1,45.0,1.7,,1191.2
板橋-2022-Precipitation-month.csv,2004,112.6,189.2,201.1,113.9,198.4,69.1,333.8,718.3,627.9,210.0,26.2,191.8,,2992.3
板橋-2022-Precipitation-month.csv,2005,83.2,403.4,353.6,81.2,506.1,367.8,304.4,541.8,208.9,152.9,34.0,62.1,,3099.4
板橋-2022-Precipitation-month.csv,2006,72.7,79.5,223.4,297.6,327.6,342.6,188.7,188.6,274.1,18.4,133.5,138.6,,2285.3
板橋-2022-Precipitation-month.csv,2007,108.6,70.4,291.8,213.6,94.7,779.0,202.8,438.6,350.9,246.8,181.2,40.3,,3018.7
板橋-2022-Precipitation-month.csv,2008,81.0,172.5,144.0,134.2,299.6,329.2,228.4,145.7,965.8,26.9,143.5,49.6,,2720.4
板橋-2022-Precipitation-month.csv,2009,40.4,32.9,184.8,94.2,26.3,322.6,38.7,381.9,116.6,205.1,92.6,80.4,,1616.5
板橋-2022-Precipitation-month.csv,2010,121.5,249.7,63.2,129.5,171.1,397.1,140.0,343.7,176.5,326.4,84.7,87.6,,2291.0
板橋-2022-Precipitation-month.csv,2011,97.9,74.3,136.7,30.6,253.6,354.4,186.7,178.6,48.9,101.4,262.0,183.9,,1909.0
板橋-2022-Precipitation-month.csv,2012,188.3,323.5,101.5,267.4,222.6,656.3,145.5,496.2,120.7,69.8,264.5,227.0,,3083.3
板橋-2022-Precipitation-month.csv,2013,107.7,30.0,65.0,291.2,351.2,132.5,255.1,720.4,158.8,76.1,66.3,233.7,,2488.0
板橋-2022-Precipitation-month.csv,2014,34.7,215.5,165.5,85.1,580.4,425.8,234.2,135.6,185.0,42.8,123.0,141.6,,2369.2
板橋-2022-Precipitation-month.csv,2015,24.7,95.5,187.2,79.4,239.4,230.1,261.8,529.6,234.0,145.0,24.9,80.6,,2132.2
板橋-2022-Precipitation-month.csv,2016,297.8,104.6,317.0,159.5,155.4,576.4,280.5,194.4,503.2,121.2,116.5,14.5,,2841.0
板橋-2022-Precipitation-month.csv,2017,25.0,124.4,205.0,125.7,152.9,673.0,212.6,124.6,51.2,364.1,124.5,71.1,,2254.1
板橋-2022-Precipitation-month.csv,2018,291.2,191.8,34.5,74.0,35.0,46.1,209.7,188.4,158.6,128.7,89.8,69.9,,1517.7
板橋-2022-Precipitation-month.csv,2019,48.8,69.1,197.8,115.4,388.7,452.3,362.7,210.0,291.4,33.5,18.9,182.0,,2370.6
板橋-2022-Precipitation-month.csv,2020,47.6,37.5,307.0,97.1,427.6,108.3,256.0,342.0,164.0,30.0,25.0,142.0,,1984.1
板橋-2022-Precipitation-month.csv,2021,53.5,35.0,88.5,76.5,108.5,291.5,421.5,418.5,123.0,223.0,73.0,70.5,,1983.0
板橋-2022-Precipitation-month.csv,2022,116.5,294.0,211.5,98.0,486.5,262.5,185.5,68.0,249.5,393.0,147.5,116.0,,2628.5
板橋-2022-Precipitation-month.csv,總和,2099.1,2915.7,3717.7,2731.3,5226.8,7119.6,4886.4,6547.3,5352.8,3069.1,2155.2,2281.9,,總和
板橋-2022-PrecipitationDays-month.csv,1972,--,--,--,--,--,--,--,--,--,--,--,--,,--
板橋-2022-PrecipitationDays-month.csv,1973,--,--,--,--,--,--,--,--,--,--,--,--,,--
板橋-2022-PrecipitationDays-month.csv,1974,--,--,--,--,--,--,--,--,--,--,--,--,,--
板橋-2022-PrecipitationDays-month.csv,1975,--,--,--,--,--,--,--,--,--,--,--,--,,--
板橋-2022-PrecipitationDays-month.csv,1976,--,--,--,--,--,--,--,--,--,--,--,--,,--
板橋-2022-PrecipitationDays-month.csv,1977,--,--,--,--,--,--,--,--,--,--,--,--,,--
板橋-2022-PrecipitationDays-month.csv,1978,--,--,--,--,--,--,--,--,--,--,--,--,,--
板橋-2022-PrecipitationDays-month.csv,1979,--,--,--,--,--,--,--,--,--,--,--,--,,--
板橋-2022-PrecipitationDays-month.csv,1980,--,--,--,--,--,--,--,--,--,--,--,--,,--
板橋-2022-PrecipitationDays-month.csv,1981,--,--,--,--,--,--,--,--,--,--,--,--,,--
板橋-2022-PrecipitationDays-month.csv,1982,--,--,--,--,--,--,--,--,--,--,--,--,,--
板橋-2022-PrecipitationDays-month.csv,1983,--,--,--,--,--,--,--,--,--,--,--,--,,--
板橋-2022-PrecipitationDays-month.csv,1984,--,--,--,--,--,--,--,--,--,--,--,--,,--
板橋-2022-PrecipitationDays-month.csv,1985,--,--,--,--,--,--,--,--,--,--,--,--,,--
板橋-2022-PrecipitationDays-month.csv,1986,--,--,--,--,--,--,--,--,--,--,--,--,,--
板橋-2022-PrecipitationDays-month.csv,1987,--,--,--,--,--,--,--,--,--,--,--,--,,--
板橋-2022-PrecipitationDays-month.csv,1988,--,--,--,--,--,--,--,--,--,--,--,--,,--
板橋-2022-PrecipitationDays-month.csv,1989,--,--,--,--,--,--,--,--,--,--,--,--,,--
板橋-2022-PrecipitationDays-month.csv,1990,--,--,--,--,--,--,--,--,--,--,--,--,,--
板橋-2022-PrecipitationDays-month.csv,1991,--,--,--,--,--,--,--,--,--,--,--,--,,--
板橋-2022-PrecipitationDays-month.csv,1992,--,--,--,--,--,--,--,--,--,--,--,--,,--
板橋-2022-PrecipitationDays-month.csv,1993,--,--,--,--,--,--,--,--,--,--,--,--,,--
板橋-2022-PrecipitationDays-month.csv,1994,--,--,--,--,--,--,--,--,--,--,--,--,,--
板橋-2022-PrecipitationDays-month.csv,1995,--,--,--,--,--,--,--,--,--,--,--,--,,--
板橋-2022-PrecipitationDays-month.csv,1996,--,--,--,--,--,--,--,--,--,--,--,--,,--
板橋-2022-PrecipitationDays-month.csv,1997,--,--,--,--,--,--,--,--,--,--,--,--,,--
板橋-2022-PrecipitationDays-month.csv,1998,--,--,--,--,--,--,--,--,--,--,--,--,,--
板橋-2022-PrecipitationDays-month.csv,1999,--,--,--,--,--,--,--,--,--,--,--,--,,--
板橋-2022-PrecipitationDays-month.csv,2000,--,--,--,--,--,--,--,--,--,--,--,--,,--
板橋-2022-PrecipitationDays-month.csv,2001,--,--,--,--,--,--,--,--,--,--,--,--,,--
板橋-2022-PrecipitationDays-month.csv,2002,13,10,13,6,11,8,13,8,13,12,13,12,,132
板橋-2022-PrecipitationDays-month.csv,2003,8,9,15,13,8,12,10,15,12,10,14,2,,128
板橋-2022-PrecipitationDays-month.csv,2004,15,8,16,8,13,11,12,12,18,10,8,16,,147
板橋-2022-PrecipitationDays-month.csv,2005,14,18,15,13,15,18,12,19,9,16,7,18,,174
板橋-2022-PrecipitationDays-month.csv,2006,15,9,16,17,19,18,11,11,15,8,17,10,,166
板橋-2022-PrecipitationDays-month.csv,2007,10,10,19,19,12,22,11,25,15,10,15,6,,174
板橋-2022-PrecipitationDays-month.csv,2008,13,23,13,18,17,18,11,5,18,5,12,8,,161
板橋-2022-PrecipitationDays-month.csv,2009,10,6,20,15,5,18,9,14,11,16,13,16,,153
板橋-2022-PrecipitationDays-month.csv,2010,14,14,8,21,14,23,10,13,13,17,14,8,,169
板橋-2022-PrecipitationDays-month.csv,2011,25,13,11,8,18,14,14,15,6,13,13,19,,169
板橋-2022-PrecipitationDays-month.csv,2012,15,18,12,19,17,13,7,18,10,5,14,16,,164
板橋-2022-PrecipitationDays-month.csv,2013,14,7,14,23,18,13,12,16,11,11,15,18,,172
板橋-2022-PrecipitationDays-month.csv,2014,6,14,15,12,22,18,12,13,7,9,9,15,,152
板橋-2022-PrecipitationDays-month.csv,2015,8,11,13,10,15,8,13,20,10,10,9,12,,139
板橋-2022-PrecipitationDays-month.csv,2016,20,17,19,14,11,18,13,11,19,14,12,6,,174
板橋-2022-PrecipitationDays-month.csv,2017,6,9,16,12,16,15,17,9,8,13,18,16,,155
板橋-2022-PrecipitationDays-month.csv,2018,15,15,8,8,3,11,8,17,16,15,13,13,,142
板橋-2022-PrecipitationDays-month.csv,2019,12,9,17,13,14,16,16,12,14,7,9,11,,150
板橋-2022-PrecipitationDays-month.csv,2020,11,5,17,15,15,6,8,13,13,9,10,22,,144
板橋-2022-PrecipitationDays-month.csv,2021,8,7,7,6,6,13,15,15,7,12,11,11,,118
板橋-2022-PrecipitationDays-month.csv,2022,12,19,10,7,20,15,11,9,13,19,6,17,,158
板橋-2022-PrecipitationDays-month.csv,總和,264,251,294,277,289,308,245,290,258,241,252,272,,總和
板橋-2022-RelativeHumidity-month.csv,1972,--,--,--,--,--,--,--,--,--,--,--,--,--,
板橋-2022-RelativeHumidity-month.csv,1973,--,--,--,--,--,--,--,--,--,--,--,--,--,
板橋-2022-RelativeHumidity-month.csv,1974,--,--,--,--,--,--,--,--,--,--,--,--,--,
板橋-2022-RelativeHumidity-month.csv,1975,--,--,--,--,--,--,--,--,--,--,--,--,--,
板橋-2022-RelativeHumidity-month.csv,1976,--,--,--,--,--,--,--,--,--,--,--,--,--,
板橋-2022-RelativeHumidity-month.csv,1977,--,--,--,--,--,--,--,--,--,--,--,--,--,
板橋-2022-RelativeHumidity-month.csv,1978,--,--,--,--,--,--,--,--,--,--,--,--,--,
板橋-2022-RelativeHumidity-month.csv,1979,--,--,--,--,--,--,--,--,--,--,--,--,--,
板橋-2022-RelativeHumidity-month.csv,1980,--,--,--,--,--,--,--,--,--,--,--,--,--,
板橋-2022-RelativeHumidity-month.csv,1981,--,--,--,--,--,--,--,--,--,--,--,--,--,
板橋-2022-RelativeHumidity-month.csv,1982,--,--,--,--,--,--,--,--,--,--,--,--,--,
板橋-2022-RelativeHumidity-month.csv,1983,--,--,--,--,--,--,--,--,--,--,--,--,--,
板橋-2022-RelativeHumidity-month.csv,1984,--,--,--,--,--,--,--,--,--,--,--,--,--,
板橋-2022-RelativeHumidity-month.csv,1985,--,--,--,--,--,--,--,--,--,--,--,--,--,
板橋-2022-RelativeHumidity-month.csv,1986,--,--,--,--,--,--,--,--,--,--,--,--,--,
板橋-2022-RelativeHumidity-month.csv,1987,--,--,--,--,--,--,--,--,--,--,--,--,--,
板橋-2022-RelativeHumidity-month.csv,1988,--,--,--,--,--,--,--,--,--,--,--,--,--,
板橋-2022-RelativeHumidity-month.csv,1989,--,--,--,--,--,--,--,--,--,--,--,--,--,
板橋-2022-RelativeHumidity-month.csv,1990,--,--,--,--,--,--,--,--,--,--,--,--,--,
板橋-2022-RelativeHumidity-month.csv,1991,--,--,--,--,--,--,--,--,--,--,--,--,--,
板橋-2022-RelativeHumidity-month.csv,1992,--,--,--,--,--,--,--,--,--,--,--,--,--,
板橋-2022-RelativeHumidity-month.csv,1993,--,--,--,--,--,--,--,--,--,--,--,--,--,
板橋-2022-RelativeHumidity-month.csv,1994,--,--,--,--,--,--,--,--,--,--,--,--,--,
板橋-2022-RelativeHumidity-month.csv,1995,--,--,--,--,--,--,--,--,--,--,--,--,--,
板橋-2022-RelativeHumidity-month.csv,1996,--,--,--,--,--,--,--,--,--,--,--,--,--,
板橋-2022-RelativeHumidity-month.csv,1997,--,--,--,--,--,--,--,--,--,--,--,--,--,
板橋-2022-RelativeHumidity-month.csv,1998,--,--,--,--,--,--,--,--,--,--,--,--,--,
板橋-2022-RelativeHumidity-month.csv,1999,--,--,--,--,--,--,--,--,--,--,--,--,--,
板橋-2022-RelativeHumidity-month.csv,2000,--,--,--,--,--,--,--,--,--,--,--,--,--,
板橋-2022-RelativeHumidity-month.csv,2001,--,--,--,--,--,--,--,--,--,--,--,--,--,
板橋-2022-RelativeHumidity-month.csv,2002,76,76,76,79,73,76,73,68,76,76,77,79,75,
板橋-2022-RelativeHumidity-month.csv,2003,74,78,75,77,76,80,74,75,75,72,83,74,76,
板橋-2022-RelativeHumidity-month.csv,2004,81,76,83,77,79,74,72,73,79,73,73,73,76,
板橋-2022-RelativeHumidity-month.csv,2005,79,83,72,72,77,77,74,79,72,79,77,80,77,
板橋-2022-RelativeHumidity-month.csv,2006,87,81,78,77,80,78,74,72,76,71,76,77,77,
板橋-2022-RelativeHumidity-month.csv,2007,75,74,81,77,71,80,72,77,75,74,77,75,76,
板橋-2022-RelativeHumidity-month.csv,2008,80,83,73,76,73,78,74,71,76,75,75,72,76,
板橋-2022-RelativeHumidity-month.csv,2009,75,77,78,73,67,75,72,75,70,75,75,75,74,
板橋-2022-RelativeHumidity-month.csv,2010,76,82,74,77,76,80,72,72,73,76,74,72,75,
板橋-2022-RelativeHumidity-month.csv,2011,81,78,75,71,78,74,72,70,67,72,78,79,75,
板橋-2022-RelativeHumidity-month.csv,2012,81,80,74,74,71,77,67,73,69,66,74,75,73,
板橋-2022-RelativeHumidity-month.csv,2013,73,76,71,76,74,71,69,70,67,68,68,73,71,
板橋-2022-RelativeHumidity-month.csv,2014,63,75,72,74,80,78,72,74,69,68,72,69,72,
板橋-2022-RelativeHumidity-month.csv,2015,67,72,77,74,76,71,70,73,70,70,71,71,72,
板橋-2022-RelativeHumidity-month.csv,2016,79,77,77,75,71,71,67,68,74,72,72,72,73,
板橋-2022-RelativeHumidity-month.csv,2017,73,68,72,69,75,79,72,69,72,74,78,75,73,
板橋-2022-RelativeHumidity-month.csv,2018,77,80,74,71,70,75,71,75,72,74,78,82,75,
板橋-2022-RelativeHumidity-month.csv,2019,82,78,78,77,74,76,73,71,76,71,74,79,76,
板橋-2022-RelativeHumidity-month.csv,2020,79,76,79,76,78,71,70,72,75,76,76,86,76,
板橋-2022-RelativeHumidity-month.csv,2021,75,73,79,74,74,73,72,78,71,74,78,77,75,
板橋-2022-RelativeHumidity-month.csv,2022,82,87,77,75,85,78,70,71,74,80,82,84,79,
板橋-2022-RelativeHumidity-month.csv,平均,77,78,76,75,75,76,72,73,73,73,76,76,平均,
板橋-2022-SunshineDuration-month.csv,1972,--,--,--,--,--,--,--,--,--,--,--,--,,--
板橋-2022-SunshineDuration-month.csv,1973,--,--,--,--,--,--,--,--,--,--,--,--,,--
板橋-2022-SunshineDuration-month.csv,1974,--,--,--,--,--,--,--,--,--,--,--,--,,--
板橋-2022-SunshineDuration-month.csv,1975,--,--,--,--,--,--,--,--,--,--,--,--,,--
板橋-2022-SunshineDuration-month.csv,1976,--,--,--,--,--,--,--,--,--,--,--,--,,--
板橋-2022-SunshineDuration-month.csv,1977,--,--,--,--,--,--,--,--,--,--,--,--,,--
板橋-2022-SunshineDuration-month.csv,1978,--,--,--,--,--,--,--,--,--,--,--,--,,--
板橋-2022-SunshineDuration-month.csv,1979,--,--,--,--,--,--,--,--,--,--,--,--,,--
板橋-2022-SunshineDuration-month.csv,1980,--,--,--,--,--,--,--,--,--,--,--,--,,--
板橋-2022-SunshineDuration-month.csv,1981,--,--,--,--,--,--,--,--,--,--,--,--,,--
板橋-2022-SunshineDuration-month.csv,1982,--,--,--,--,--,--,--,--,--,--,--,--,,--
板橋-2022-SunshineDuration-month.csv,1983,--,--,--,--,--,--,--,--,--,--,--,--,,--
板橋-2022-SunshineDuration-month.csv,1984,--,--,--,--,--,--,--,--,--,--,--,--,,--
板橋-2022-SunshineDuration-month.csv,1985,--,--,--,--,--,--,--,--,--,--,--,--,,--
板橋-2022-SunshineDuration-month.csv,1986,--,--,--,--,--,--,--,--,--,--,--,--,,--
板橋-2022-SunshineDuration-month.csv,1987,--,--,--,--,--,--,--,--,--,--,--,--,,--
板橋-2022-SunshineDuration-month.csv,1988,--,--,--,--,--,--,--,--,--,--,--,--,,--
板橋-2022-SunshineDuration-month.csv,1989,--,--,--,--,--,--,--,--,--,--,--,--,,--
板橋-2022-SunshineDuration-month.csv,1990,--,--,--,--,--,--,--,--,--,--,--,--,,--
板橋-2022-SunshineDuration-month.csv,1991,--,--,--,--,--,--,--,--,--,--,--,--,,--
板橋-2022-SunshineDuration-month.csv,1992,--,--,--,--,--,--,--,--,--,--,--,--,,--
板橋-2022-SunshineDuration-month.csv,1993,--,--,--,--,--,--,--,--,--,--,--,--,,--
板橋-2022-SunshineDuration-month.csv,1994,--,--,--,--,--,--,--,--,--,--,--,--,,--
板橋-2022-SunshineDuration-month.csv,1995,--,--,--,--,--,--,--,--,--,--,--,--,,--
板橋-2022-SunshineDuration-month.csv,1996,--,--,--,--,--,--,--,--,--,--,--,--,,--
板橋-2022-SunshineDuration-month.csv,1997,--,--,--,--,--,--,--,--,--,--,--,--,,--
板橋-2022-SunshineDuration-month.csv,1998,--,--,--,--,--,--,--,--,--,--,--,--,,--
板橋-2022-SunshineDuration-month.csv,1999,--,--,--,--,--,--,--,--,--,--,--,--,,--
板橋-2022-SunshineDuration-month.csv,2000,--,--,--,--,--,--,--,--,--,--,--,--,,--
板橋-2022-SunshineDuration-month.csv,2001,--,--,--,--,--,--,--,--,--,--,--,--,,--
板橋-2022-SunshineDuration-month.csv,2002,111.3,94.4,106.7,101.7,119.8,154.9,184.2,203.5,111.1,117.3,96.7,92.5,,1494.1
板橋-2022-SunshineDuration-month.csv,2003,134.6,97.8,80.3,112.9,101.5,137.7,225.2,190.9,175.5,179.1,66.9,100.1,,1602.5
板橋-2022-SunshineDuration-month.csv,2004,70.5,158.1,54.8,103.8,119.6,143.3,211.2,178.6,111.4,145.1,157.2,98.6,,1552.2
板橋-2022-SunshineDuration-month.csv,2005,42.8,39.4,119.7,93.6,95.1,116.4,202.0,128.4,225.7,109.9,111.1,70.9,,1355.0
板橋-2022-SunshineDuration-month.csv,2006,64.5,60.1,77.5,65.3,77.8,119.4,187.9,206.5,116.5,187.8,108.7,83.4,,1355.4
板橋-2022-SunshineDuration-month.csv,2007,99.1,129.6,73.0,79.0,183.0,115.6,232.4,144.5,159.8,91.5,75.3,88.5,,1471.3
板橋-2022-SunshineDuration-month.csv,2008,65.4,22.7,149.9,91.8,178.5,148.5,219.2,238.6,170.7,158.3,99.2,145.4,,1688.2
板橋-2022-SunshineDuration-month.csv,2009,97.8,119.7,93.1,112.7,221.2,151.8,211.2,192.3,225.7,89.9,97.2,105.2,,1717.8
板橋-2022-SunshineDuration-month.csv,2010,117.5,80.3,147.5,76.7,122.8,96.7,222.7,221.4,213.8,74.7,85.9,166.6,,1626.6
板橋-2022-SunshineDuration-month.csv,2011,28.4,91.2,58.5,147.5,97.6,167.8,213.5,204.4,173.7,67.6,89.6,33.7,,1373.5
板橋-2022-SunshineDuration-month.csv,2012,26.8,61.3,130.0,71.9,153.0,109.9,255.2,169.2,152.1,173.7,91.4,87.7,,1482.2
板橋-2022-SunshineDuration-month.csv,2013,90.5,81.4,128.0,66.0,95.3,149.1,202.4,182.9,200.9,119.2,113.1,68.5,,1497.3
板橋-2022-SunshineDuration-month.csv,2014,127.7,74.7,68.6,116.3,63.3,94.5,237.2,196.9,196.8,106.4,76.0,49.3,,1407.7
板橋-2022-SunshineDuration-month.csv,2015,80.4,66.3,78.9,134.2,106.2,224.3,199.3,136.6,141.5,101.7,82.8,31.5,,1383.7
板橋-2022-SunshineDuration-month.csv,2016,28.4,59.4,76.8,91.2,128.5,173.3,242.8,187.1,90.6,108.7,66.9,73.5,,1327.2
板橋-2022-SunshineDuration-month.csv,2017,61.0,57.4,59.8,112.2,101.3,127.8,205.2,243.2,152.0,88.8,43.3,52.7,,1304.7
板橋-2022-SunshineDuration-month.csv,2018,53.2,42.9,140.4,118.0,186.8,142.0,227.8,156.8,134.9,86.4,67.5,59.3,,1416.0
板橋-2022-SunshineDuration-month.csv,2019,53.5,42.1,73.7,121.8,97.1,127.9,195.3,212.2,134.2,126.9,95.0,57.6,,1337.3
板橋-2022-SunshineDuration-month.csv,2020,78.0,96.9,78.5,102.2,127.4,222.5,220.5,213.2,138.5,70.6,70.2,12.8,,1431.3
板橋-2022-SunshineDuration-month.csv,2021,84.4,118.1,97.3,130.0,158.2,179.6,221.5,161.2,199.7,102.8,50.7,59.1,,1562.6
板橋-2022-SunshineDuration-month.csv,2022,40.6,26.8,104.2,108.4,52.3,151.4,245.6,208.9,147.3,59.8,76.6,39.1,,1261.0
板橋-2022-SunshineDuration-month.csv,總和,1556.4,1620.6,1997.2,2157.2,2586.3,3054.4,4562.3,3977.3,3372.4,2366.2,1821.3,1576.0,,總和
虎尾-2025-AirTemperature-month.csv,1992,--,--,--,--,--,--,--,--,--,--,--,--,--,
虎尾-2025-AirTemperature-month.csv,1993,--,--,19.4,22.4,26.1,28.0,29.1,28.7,27.1,23.9,22.3,17.6,24.5,
虎尾-2025-AirTemperature-month.csv,1994,16.7,17.6,17.8,25.1,26.7,28.1,28.7,27.8,26.3,23.7,22.0,20.6,23.4,
虎尾-2025-AirTemperature-month.csv,1995,16.2,15.2,18.3,23.5,25.6,28.3,28.5,27.8,27.6,25.0,20.3,16.5,22.7,
虎尾-2025-AirTemperature-month.csv,1996,16.5,15.6,20.2,19.8,24.5,28.5,29.3,28.4,28.0,25.3,22.5,17.5,23.0,
虎尾-2025-AirTemperature-month.csv,1997,16.0,16.1,20.4,23.7,26.2,27.0,28.2,27.9,26.1,25.0,22.3,18.8,23.1,
虎尾-2025-AirTemperature-month.csv,1998,17.3,17.6,20.5,25.0,26.8,27.9,29.4,29.3,27.3,25.4,23.1,19.4,24.1,
虎尾-2025-AirTemperature-month.csv,1999,17.2,17.8,21.4,24.1,24.9,28.3,28.0,27.8,27.8,25.4,21.8,17.3,23.5,
虎尾-2025-AirTemperature-month.csv,2000,16.8,16.0,18.6,23.2,25.9,28.0,28.6,27.7,27.3,26.0,22.3,19.4,23.3,
虎尾-2025-AirTemperature-month.csv,2001,17.3,18.2,20.7,22.9,26.5,28.2,28.7,29.4,26.5,24.5,20.3,18.4,23.5,
虎尾-2025-AirTemperature-month.csv,2002,16.9,18.5,22.0,24.8,26.1,28.8,28.9,29.1,27.8,25.7,21.6,19.0,24.1,
虎尾-2025-AirTemperature-month.csv,2003,15.9,18.5,19.6,24.0,26.6,27.5,30.0,28.9,28.2,24.6,23.0,17.2,23.7,
虎尾-2025-AirTemperature-month.csv,2004,16.0,17.3,19.3,23.2,27.4,28.6,28.4,28.7,27.3,22.9,22.0,18.8,23.3,
虎尾-2025-AirTemperature-month.csv,2005,15.8,16.6,17.4,23.8,27.1,27.6,29.3,28.5,28.7,25.9,23.6,17.1,23.5,
虎尾-2025-AirTemperature-month.csv,2006,17.5,18.2,20.0,24.6,26.5,27.6,29.5,29.1,27.6,26.2,23.4,18.9,24.1,
虎尾-2025-AirTemperature-month.csv,2007,17.2,19.8,21.2,22.8,27.1,28.4,30.2,28.1,28.1,25.5,21.5,19.6,24.1,
虎尾-2025-AirTemperature-month.csv,2008,17.8,14.8,20.6,24.5,26.2,27.8,28.5,29.1,28.0,27.0,22.0,18.3,23.7,
虎尾-2025-AirTemperature-month.csv,2009,15.6,21.5,20.3,22.8,26.4,28.3,29.6,29.2,29.5,25.7,22.1,17.7,24.1,
虎尾-2025-AirTemperature-month.csv,2010,17.1,18.7,21.6,22.3,26.8,27.5,29.1,29.3,28.2,25.6,21.4,18.0,23.8,
虎尾-2025-AirTemperature-month.csv,2011,14.7,16.9,18.1,23.1,26.1,29.0,29.0,29.5,28.3,25.5,23.6,17.8,23.5,
虎尾-2025-AirTemperature-month.csv,2012,16.5,16.4,20.0,25.0,27.3,28.0,29.5,28.3,28.2,25.0,22.4,18.6,23.8,
虎尾-2025-AirTemperature-month.csv,2013,16.8,19.4,21.4,22.5,26.8,29.1,28.8,28.7,28.2,25.1,22.0,17.1,23.8,
虎尾-2025-AirTemperature-month.csv,2014,16.6,17.3,20.1,24.1,26.3,28.9,30.5,29.2,29.5,25.5,23.1,17.0,24.0,
虎尾-2025-AirTemperature-month.csv,2015,16.9,18.1,21.0,24.5,27.1,--,28.9,27.9,27.6,25.7,24.0,19.2,23.7,
虎尾-2025-AirTemperature-month.csv,2016,16.3,16.0,18.1,24.9,27.6,29.0,29.5,28.9,27.4,27.1,23.1,19.9,24.0,
虎尾-2025-AirTemperature-month.csv,2017,18.3,17.2,19.9,23.4,26.7,28.4,29.0,29.5,29.3,26.0,22.7,18.0,24.0,
虎尾-2025-AirTemperature-month.csv,2018,16.7,15.5,20.1,24.3,28.3,28.3,29.0,28.0,28.0,24.2,22.8,20.2,23.8,
虎尾-2025-AirTemperature-month.csv,2019,18.4,20.2,20.7,24.3,25.2,28.1,28.9,28.2,27.3,25.4,22.2,18.6,24.0,
虎尾-2025-AirTemperature-month.csv,2020,17.4,18.4,21.6,21.7,27.3,29.6,30.2,28.7,28.4,25.6,23.4,19.1,24.3,
虎尾-2025-AirTemperature-month.csv,2021,15.6,18.5,21.1,23.5,28.7,28.1,29.3,28.5,29.4,26.6,22.3,18.5,24.2,
虎尾-2025-AirTemperature-month.csv,2022,17.6,16.4,21.5,23.4,24.6,28.5,30.0,29.2,28.1,25.4,24.2,17.6,23.9,
虎尾-2025-AirTemperature-month.csv,2023,17.0,17.6,20.4,23.9,26.5,29.0,29.7,29.2,28.5,26.1,22.8,19.7,24.2,
虎尾-2025-AirTemperature-month.csv,2024,17.2,19.1,21.1,26.2,26.3,29.2,29.6,29.4,28.8,26.6,22.9,18.0,24.5,
虎尾-2025-AirTemperature-month.csv,2025,15.9,16.4,19.7,24.0,27.2,29.0,28.5,29.3,29.0,29.3,--,--,24.8,
虎尾-2025-AirTemperature-month.csv,平均,16.7,17.5,20.1,23.7,26.5,28.3,29.2,28.7,28.0,25.5,22.5,18.4,平均,
虎尾-2025-Precipitation-month.csv,1992,--,--,--,--,--,--,--,--,--,--,--,--,,--
虎尾-2025-Precipitation-month.csv,1993,X,X,115.0,118.0,188.5,318.5,72.0,121.5,29.5,0.0,37.5,4.5,,1005.0
虎尾-2025-Precipitation-month.csv,1994,26.5,83.5,42.5,25.5,219.0,147.0,215.0,410.5,135.5,3.0,1.0,14.0,,1323.0
虎尾-2025-Precipitation-month.csv,1995,10.0,35.5,85.0,56.0,69.5,505.5,123.0,133.5,50.5,1.0,0.0,3.0,,1072.5
虎尾-2025-Precipitation-month.csv,1996,13.0,23.0,24.5,150.0,337.0,93.0,176.5,553.0,26.5,12.0,6.5,3.5,,1418.5
虎尾-2025-Precipitation-month.csv,1997,27.5,59.0,96.0,14.5,132.5,329.0,381.0,345.5,150.5,0.5,0.0,2.5,,1538.5
虎尾-2025-Precipitation-month.csv,1998,74.5,281.5,107.0,121.5,181.5,556.5,124.0,202.5,35.0,111.5,0.5,51.0,,1847.0
虎尾-2025-Precipitation-month.csv,1999,2.5,0.0,30.5,41.5,200.0,97.5,397.5,458.5,35.5,11.5,1.5,21.0,,1297.5
虎尾-2025-Precipitation-month.csv,2000,10.5,66.0,17.0,143.0,26.5,227.5,204.5,263.5,8.5,57.5,9.0,35.0,,1068.5
虎尾-2025-Precipitation-month.csv,2001,48.5,2.5,46.5,108.5,220.5,292.5,350.5,67.0,766.0,1.5,6.0,5.5,,1915.5
虎尾-2025-Precipitation-month.csv,2002,24.5,0.5,5.5,3.5,263.0,139.5,388.0,179.0,40.5,1.0,9.0,59.5,,1113.5
虎尾-2025-Precipitation-month.csv,2003,22.0,14.0,22.5,143.5,49.5,268.0,18.0,140.0,168.5,1.0,1.0,0.0,,848.0
虎尾-2025-Precipitation-month.csv,2004,4.5,41.0,40.0,91.5,78.5,16.0,767.0,233.0,73.5,10.5,1.0,69.0,,1425.5
虎尾-2025-Precipitation-month.csv,2005,11.5,118.5,152.0,39.5,325.5,611.0,339.0,315.0,210.5,37.0,1.5,7.5,,2168.5
虎尾-2025-Precipitation-month.csv,2006,9.5,10.5,76.5,131.0,173.0,586.5,307.0,99.0,236.0,0.0,125.0,31.0,,1785.0
虎尾-2025-Precipitation-month.csv,2007,56.5,15.5,35.5,88.5,94.0,250.0,47.0,765.5,152.0,213.0,21.0,0.0,,1738.5
虎尾-2025-Precipitation-month.csv,2008,17.0,23.0,22.5,19.5,69.5,308.0,727.5,79.0,439.0,62.5,22.0,11.5,,1801.0
虎尾-2025-Precipitation-month.csv,2009,0.0,3.5,103.0,107.5,5.0,215.5,111.5,711.0,199.0,29.5,16.0,19.0,,1520.5
虎尾-2025-Precipitation-month.csv,2010,21.0,78.5,12.5,67.5,93.5,326.5,387.0,132.0,161.0,6.0,31.0,22.5,,1339.0
虎尾-2025-Precipitation-month.csv,2011,28.5,20.5,21.5,5.0,89.0,111.5,253.5,124.0,14.5,21.0,212.0,27.5,,928.5
虎尾-2025-Precipitation-month.csv,2012,41.0,50.5,18.5,258.0,205.5,419.5,241.5,559.5,4.5,0.0,90.0,46.5,,1935.0
虎尾-2025-Precipitation-month.csv,2013,19.5,5.0,34.5,215.0,397.0,60.5,350.5,1313.0,83.5,0.0,23.5,58.0,,2560.0
虎尾-2025-Precipitation-month.csv,2014,0.0,20.5,53.5,16.5,416.5,262.5,92.0,235.0,95.0,0.0,2.5,22.5,,1216.5
虎尾-2025-Precipitation-month.csv,2015,10.0,12.5,8.0,53.5,0.5,--,99.0,481.0,280.0,24.5,2.0,50.5,,1021.5
虎尾-2025-Precipitation-month.csv,2016,148.0,25.0,144.5,144.5,34.5,334.5,189.0,154.0,384.0,13.0,57.0,11.0,,1639.0
虎尾-2025-Precipitation-month.csv,2017,2.5,1.5,42.0,92.0,64.0,983.5,342.0,123.5,72.0,59.0,19.0,7.0,,1808.0
虎尾-2025-Precipitation-month.csv,2018,88.0,30.5,29.0,21.0,39.0,250.5,330.5,547.0,23.5,2.0,21.5,0.0,,1382.5
虎尾-2025-Precipitation-month.csv,2019,8.0,16.5,135.5,66.0,200.0,388.5,162.5,482.5,245.5,1.0,0.0,142.5,,1848.5
虎尾-2025-Precipitation-month.csv,2020,14.0,7.5,38.5,36.5,405.0,79.0,99.0,293.5,57.5,0.5,7.0,20.0,,1058.0
虎尾-2025-Precipitation-month.csv,2021,2.5,31.0,9.5,36.5,109.5,665.5,174.0,525.0,29.5,10.5,5.0,25.0,,1623.5
虎尾-2025-Precipitation-month.csv,2022,26.5,102.5,105.5,55.5,304.5,200.0,63.5,393.0,36.5,5.5,1.0,22.5,,1316.5
虎尾-2025-Precipitation-month.csv,2023,5.5,5.0,17.0,104.5,164.0,190.0,200.0,156.5,114.0,30.5,0.0,11.5,,998.5
虎尾-2025-Precipitation-month.csv,2024,4.5,26.5,4.0,114.5,147.0,157.5,798.5,272.0,197.5,49.5,62.0,31.0,,1864.5
虎尾-2025-Precipitation-month.csv,2025,22.0,70.0,47.0,54.5,82.0,244.5,824.5,401.5,189.5,0.0,--,--,,1935.5
虎尾-2025-Precipitation-month.csv,總和,800.0,1281.0,1742.5,2744.0,5384.5,9635.5,9356.0,11270.0,4744.5,776.0,792.0,835.5,,總和
虎尾-2025-PrecipitationDays-month.csv,1992,--,--,--,--,--,--,--,--,--,--,--,--,,--
虎尾-2025-PrecipitationDays-month.csv,1993,0,0,8,10,8,15,7,8,3,0,7,2,,68
虎尾-2025-PrecipitationDays-month.csv,1994,7,13,7,5,8,15,10,17,5,1,1,3,,92
虎尾-2025-PrecipitationDays-month.csv,1995,5,11,11,4,8,8,14,14,6,1,0,2,,84
虎尾-2025-PrecipitationDays-month.csv,1996,3,4,5,13,15,8,9,11,4,5,1,3,,81
虎尾-2025-PrecipitationDays-month.csv,1997,7,9,7,3,7,20,10,16,7,1,0,1,,88
虎尾-2025-PrecipitationDays-month.csv,1998,8,16,10,12,12,15,6,11,5,6,1,5,,107
虎尾-2025-PrecipitationDays-month.csv,1999,3,0,4,3,13,12,22,13,5,7,2,3,,87
虎尾-2025-PrecipitationDays-month.csv,2000,4,9,5,11,9,14,12,15,2,3,4,4,,92
虎尾-2025-PrecipitationDays-month.csv,2001,6,2,6,11,11,14,14,11,15,1,4,3,,98
虎尾-2025-PrecipitationDays-month.csv,2002,4,1,4,3,8,6,17,12,7,1,2,7,,72
虎尾-2025-PrecipitationDays-month.csv,2003,2,1,5,9,3,9,6,10,7,1,2,0,,55
虎尾-2025-PrecipitationDays-month.csv,2004,4,7,9,7,6,4,13,15,9,1,1,2,,78
虎尾-2025-PrecipitationDays-month.csv,2005,2,8,15,4,11,15,10,16,5,1,1,5,,93
虎尾-2025-PrecipitationDays-month.csv,2006,4,2,11,11,12,18,12,12,7,0,13,3,,105
虎尾-2025-PrecipitationDays-month.csv,2007,5,3,6,10,8,13,3,20,11,3,6,0,,88
虎尾-2025-PrecipitationDays-month.csv,2008,4,6,5,6,9,12,14,7,11,2,3,3,,82
虎尾-2025-PrecipitationDays-month.csv,2009,0,1,7,9,2,11,8,14,6,2,2,7,,69
虎尾-2025-PrecipitationDays-month.csv,2010,7,9,3,9,5,15,13,14,11,2,4,2,,94
虎尾-2025-PrecipitationDays-month.csv,2011,6,5,6,3,7,10,14,8,4,4,9,5,,81
虎尾-2025-PrecipitationDays-month.csv,2012,12,9,4,13,10,17,8,17,3,0,9,7,,109
虎尾-2025-PrecipitationDays-month.csv,2013,2,2,7,18,15,9,16,13,6,0,4,7,,99
虎尾-2025-PrecipitationDays-month.csv,2014,0,8,6,4,20,14,7,15,7,0,3,10,,94
虎尾-2025-PrecipitationDays-month.csv,2015,5,2,4,4,1,--,8,15,5,4,1,4,,53
虎尾-2025-PrecipitationDays-month.csv,2016,17,7,15,9,9,16,13,13,16,4,4,1,,124
虎尾-2025-PrecipitationDays-month.csv,2017,1,2,6,9,6,13,17,9,4,3,5,3,,78
虎尾-2025-PrecipitationDays-month.csv,2018,12,7,4,3,2,13,15,20,4,2,5,0,,87
虎尾-2025-PrecipitationDays-month.csv,2019,3,4,11,7,18,16,16,20,6,1,0,7,,109
虎尾-2025-PrecipitationDays-month.csv,2020,1,2,4,8,12,6,7,16,4,1,4,6,,71
虎尾-2025-PrecipitationDays-month.csv,2021,2,2,1,4,3,19,13,10,6,3,3,5,,71
虎尾-2025-PrecipitationDays-month.csv,2022,9,13,8,6,15,12,8,15,7,2,2,1,,98
虎尾-2025-PrecipitationDays-month.csv,2023,1,1,3,5,4,12,12,13,10,2,0,2,,65
虎尾-2025-PrecipitationDays-month.csv,2024,2,3,3,9,10,11,18,13,9,4,4,2,,88
虎尾-2025-PrecipitationDays-month.csv,2025,6,5,10,4,7,13,20,8,9,0,--,--,,82
虎尾-2025-PrecipitationDays-month.csv,總和,154,174,220,246,294,405,392,441,226,68,107,115,,總和
虎尾-2025-RelativeHumidity-month.csv,1992,--,--,--,--,--,--,--,--,--,--,--,--,--,
虎尾-2025-RelativeHumidity-month.csv,1993,--,--,--,--,--,--,--,--,--,--,--,--,--,
虎尾-2025-RelativeHumidity-month.csv,1994,--,--,--,--,--,--,--,--,--,--,--,--,--,
虎尾-2025-RelativeHumidity-month.csv,1995,--,--,--,--,--,--,--,--,--,--,--,--,--,
虎尾-2025-RelativeHumidity-month.csv,1996,--,--,--,--,--,--,--,--,--,--,--,--,--,
虎尾-2025-RelativeHumidity-month.csv,1997,--,--,--,--,--,--,--,--,--,--,--,--,--,
虎尾-2025-RelativeHumidity-month.csv,1998,/,/,/,/,/,/,/,/,/,/,/,/,--,
虎尾-2025-RelativeHumidity-month.csv,1999,/,/,/,/,/,/,/,/,/,/,/,/,--,
虎尾-2025-RelativeHumidity-month.csv,2000,/,/,/,/,/,/,/,/,/,/,/,/,--,
虎尾-2025-RelativeHumidity-month.csv,2001,/,/,/,/,/,/,/,/,/,/,/,/,--,
虎尾-2025-RelativeHumidity-month.csv,2002,/,/,/,/,/,/,/,/,/,/,/,/,--,
虎尾-2025-RelativeHumidity-month.csv,2003,/,/,/,/,/,/,/,/,/,/,/,/,--,
虎尾-2025-RelativeHumidity-month.csv,2004,/,/,/,/,/,/,/,/,/,/,/,/,--,
虎尾-2025-RelativeHumidity-month.csv,2005,/,/,/,/,/,/,/,/,/,/,/,/,--,
虎尾-2025-RelativeHumidity-month.csv,2006,/,/,/,/,/,/,/,/,/,/,/,/,--,
虎尾-2025-RelativeHumidity-month.csv,2007,/,/,/,/,/,/,/,/,/,/,/,/,--,
虎尾-2025-RelativeHumidity-month.csv,2008,/,/,/,/,/,/,/,/,/,/,/,/,--,
虎尾-2025-RelativeHumidity-month.csv,2009,/,/,/,/,/,/,/,/,/,/,/,/,--,
虎尾-2025-RelativeHumidity-month.csv,2010,/,/,/,/,/,/,/,/,/,/,/,/,--,
虎尾-2025-RelativeHumidity-month.csv,2011,/,/,/,/,/,/,/,/,/,/,/,/,--,
虎尾-2025-RelativeHumidity-month.csv,2012,--,--,--,--,--,--,--,--,--,--,--,--,--,
虎尾-2025-RelativeHumidity-month.csv,2013,--,--,--,--,--,--,--,--,--,--,--,--,--,
虎尾-2025-RelativeHumidity-month.csv,2014,--,--,--,--,--,--,--,--,--,--,--,--,--,
虎尾-2025-RelativeHumidity-month.csv,2015,--,--,--,--,/,--,76,80,77,79,77,78,78,
虎尾-2025-RelativeHumidity-month.csv,2016,84,76,81,81,78,81,81,87,90,90,86,83,83,
虎尾-2025-RelativeHumidity-month.csv,2017,87,82,82,80,83,84,81,79,75,73,81,75,80,
虎尾-2025-RelativeHumidity-month.csv,2018,80,75,72,70,72,77,77,79,76,73,80,75,76,
虎尾-2025-RelativeHumidity-month.csv,2019,78,78,80,79,82,79,78,84,77,75,73,78,78,
虎尾-2025-RelativeHumidity-month.csv,2020,79,78,81,80,80,71,70,77,74,74,77,79,77,
虎尾-2025-RelativeHumidity-month.csv,2021,76,77,79,77,76,83,80,82,78,78,78,78,79,
虎尾-2025-RelativeHumidity-month.csv,2022,83,85,80,77,87,80,77,81,79,78,86,75,81,
虎尾-2025-RelativeHumidity-month.csv,2023,80,80,76,80,81,82,78,84,84,82,75,78,80,
虎尾-2025-RelativeHumidity-month.csv,2024,77,78,75,82,82,81,81,82,86,86,83,77,81,
虎尾-2025-RelativeHumidity-month.csv,2025,76,84,79,78,80,82,89,81,84,81,--,--,81,
虎尾-2025-RelativeHumidity-month.csv,平均,80,79,79,78,80,80,79,81,80,79,80,78,平均,
